,PRIM_STATE,AREA,AREA_NAME,OCC_CODE,OCC_TITLE,TOT_EMP,EMP_PRSE,JOBS_1000,A_MEAN,MEAN_PRSE,A_MEDIAN,YEAR,A_MEAN_SE,A_MEDIAN_SE,JOBS_1000_SE,TOT_EMP_SE,A_MEAN_ME,A_MEDIAN_ME,JOBS_1000_ME,TOT_EMP_ME
55,AK,11260,"Anchorage, AK",15-0000,Computer and Mathematical Occupations,3370.0,4.8,19.105,86160.0,3.3,78980.0,2016,2843.28,3563.482824,0.91704,161.76,5572.8288,6984.426335040001,1.7973983999999998,317.0496
489,AK,21820,"Fairbanks, AK",15-0000,Computer and Mathematical Occupations,550.0,5.2,14.771,76530.0,3.4,73670.0,2016,2602.02,3261.111666,0.768092,28.6,5099.9592,6391.778865359999,1.50546032,56.056000000000004
700,AL,11500,"Anniston-Oxford-Jacksonville, AL",15-0000,Computer and Mathematical Occupations,350.0,20.7,8.555,50550.0,9.9,46840.0,2016,5004.45,6272.077185000001,1.7708849999999998,72.45,9808.722,12293.271282600002,3.4709345999999996,142.002
913,AL,12220,"Auburn-Opelika, AL",15-0000,Computer and Mathematical Occupations,780.0,7.3,14.42,67030.0,3.5,63420.0,2016,2346.05,2940.304465,1.05266,56.94,4598.258000000001,5762.9967514,2.0632135999999996,111.60239999999999
1169,AL,13820,"Birmingham-Hoover, AL",15-0000,Computer and Mathematical Occupations,12050.0,4.5,23.886,76330.0,1.3,74720.0,2016,992.29,1243.6370570000001,1.07487,542.25,1944.8883999999998,2437.5286317200002,2.1067451999999998,1062.81
1703,AL,19300,"Daphne-Fairhope-Foley, AL",15-0000,Computer and Mathematical Occupations,380.0,13.3,5.435,63430.0,6.0,60920.0,2016,3805.8,4769.80914,0.722855,50.54,7459.368,9348.8259144,1.4167958,99.05839999999999
1952,AL,19460,"Decatur, AL",15-0000,Computer and Mathematical Occupations,440.0,10.9,8.308,72480.0,4.0,67950.0,2016,2899.2,3633.5673600000005,0.9055719999999999,47.96,5682.432,7121.792025600001,1.77492112,94.0016
2199,AL,20020,"Dothan, AL",15-0000,Computer and Mathematical Occupations,330.0,17.5,6.0,58590.0,2.9,57330.0,2016,1699.11,2129.494563,1.05,57.75,3330.2556,4173.80934348,2.058,113.19
2449,AL,22520,"Florence-Muscle Shoals, AL",15-0000,Computer and Mathematical Occupations,190.0,7.5,3.638,53820.0,3.2,52680.0,2016,1722.24,2158.483392,0.27285,14.25,3375.5904,4230.62744832,0.534786,27.93
2683,AL,23460,"Gadsden, AL",15-0000,Computer and Mathematical Occupations,90.0,17.3,2.463,59140.0,6.7,60370.0,2016,3962.38,4966.050854,0.426099,15.57,7766.2648,9733.45967384,0.83515404,30.5172
2897,AL,26620,"Huntsville, AL",15-0000,Computer and Mathematical Occupations,13450.0,3.7,61.6,92710.0,1.4,89610.0,2016,1297.9399999999998,1626.7082019999998,2.2792000000000003,497.65,2543.9623999999994,3188.3480759199997,4.467232000000001,975.3939999999999
3322,AL,33660,"Mobile, AL",15-0000,Computer and Mathematical Occupations,2440.0,3.5,14.08,60730.0,2.3,56830.0,2016,1396.79,1750.596907,0.4928,85.4,2737.7084,3431.1699377200002,0.965888,167.38400000000001
3744,AL,33860,"Montgomery, AL",15-0000,Computer and Mathematical Occupations,3990.0,4.8,24.16,73300.0,2.3,73190.0,2016,1685.9,2112.93847,1.1596799999999998,191.52,3304.364,4141.3594012,2.2729728,375.3792
4149,AL,46220,"Tuscaloosa, AL",15-0000,Computer and Mathematical Occupations,1180.0,13.7,11.856,69140.0,3.7,62750.0,2016,2558.18,3206.1669940000006,1.624272,161.66,5014.0328,6284.087308240001,3.1835731199999997,316.8536
4508,AR,22220,"Fayetteville-Springdale-Rogers, AR-MO",15-0000,Computer and Mathematical Occupations,8120.0,3.0,34.851,74050.0,3.2,71960.0,2016,2369.6,2969.81968,1.04553,243.6,4644.416,5820.8465728,2.0492388,477.45599999999996
4947,AR,22900,"Fort Smith, AR-OK",15-0000,Computer and Mathematical Occupations,1230.0,18.6,11.195,58420.0,1.9,53020.0,2016,1109.98,1391.1379339999999,2.0822700000000003,228.78,2175.5608,2726.6303506399995,4.0812492,448.4088
5297,AR,26300,"Hot Springs, AR",15-0000,Computer and Mathematical Occupations,190.0,9.1,5.279,54330.0,7.0,46460.0,2016,3803.1,4766.425230000001,0.48038899999999995,17.29,7454.076,9342.193450800001,0.9415624399999999,33.8884
5512,AR,27860,"Jonesboro, AR",15-0000,Computer and Mathematical Occupations,500.0,10.7,9.366,50350.0,3.3,46020.0,2016,1661.55,2082.420615,1.0021619999999998,53.5,3256.638,4081.5444054,1.9642375199999995,104.86
5801,AR,30780,"Little Rock-North Little Rock-Conway, AR",15-0000,Computer and Mathematical Occupations,10910.0,17.6,32.02,67940.0,2.7,66210.0,2016,1834.38,2299.0284540000002,5.635520000000001,1920.1600000000003,3595.3848000000003,4506.095769840001,11.045619200000003,3763.5136000000007
6304,AR,38220,"Pine Bluff, AR",15-0000,Computer and Mathematical Occupations,250.0,4.8,8.05,62280.0,7.9,54100.0,2016,4920.12,6166.386396,0.3864,12.0,9643.4352,12086.11733616,0.757344,23.52
6488,AZ,22380,"Flagstaff, AZ",15-0000,Computer and Mathematical Occupations,950.0,11.0,15.159,68480.0,3.3,65850.0,2016,2259.84,2832.2574720000002,1.66749,104.5,4429.2864,5551.224645120001,3.2682803999999996,204.82
6751,AZ,29420,"Lake Havasu City-Kingman, AZ",15-0000,Computer and Mathematical Occupations,330.0,6.8,7.155,60590.0,4.6,55670.0,2016,2787.14,3493.122562,0.48654000000000003,22.44,5462.7944,6846.52022152,0.9536184000000001,43.9824
7024,AZ,38060,"Phoenix-Mesa-Scottsdale, AZ",15-0000,Computer and Mathematical Occupations,76340.0,3.3,39.448,81190.0,1.1,77420.0,2016,893.09,1119.309697,1.3017839999999998,2519.22,1750.4564,2193.8470061199996,2.5514966399999994,4937.6712
7685,AZ,39140,"Prescott, AZ",15-0000,Computer and Mathematical Occupations,440.0,7.9,7.493,60890.0,3.7,57260.0,2016,2252.93,2823.597169,0.591947,34.76,4415.7428,5534.25045124,1.16021612,68.1296
7966,AZ,43420,"Sierra Vista-Douglas, AZ",15-0000,Computer and Mathematical Occupations,1760.0,9.1,54.151,81400.0,3.0,80960.0,2016,2442.0,3060.5586000000003,4.927741,160.16,4786.32,5998.694856,9.65837236,313.9136
8186,AZ,46060,"Tucson, AZ",15-0000,Computer and Mathematical Occupations,11530.0,4.3,32.154,77820.0,5.2,74160.0,2016,4046.64,5071.653912,1.382622,495.79,7931.4144,9940.44166752,2.70993912,971.7484000000001
8686,AZ,49740,"Yuma, AZ",15-0000,Computer and Mathematical Occupations,580.0,13.9,9.523,71110.0,3.8,66450.0,2016,2702.18,3386.642194,1.323697,80.62,5296.2728,6637.81870024,2.5944461199999997,158.0152
8977,CA,11244,"Anaheim-Santa Ana-Irvine, CA Metropolitan Division",15-0000,Computer and Mathematical Occupations,54790.0,3.6,35.054,94780.0,1.5,91080.0,2016,1421.7,1781.8166100000003,1.2619440000000002,1972.44,2786.532,3492.3605556000007,2.47341024,3865.9824
9640,CA,12540,"Bakersfield, CA",15-0000,Computer and Mathematical Occupations,4030.0,8.1,13.698,87720.0,2.4,85820.0,2016,2105.28,2638.547424,1.109538,326.43,4126.348800000001,5171.552951039999,2.17469448,639.8028
10102,CA,17020,"Chico, CA",15-0000,Computer and Mathematical Occupations,1320.0,19.3,17.821,71010.0,5.4,64210.0,2016,3834.54,4805.828982000001,3.4394530000000003,254.76,7515.6984,9419.424804720002,6.741327880000001,499.32959999999997
10396,CA,20940,"El Centro, CA",15-0000,Computer and Mathematical Occupations,320.0,11.7,5.912,73160.0,5.9,71010.0,2016,4316.44,5409.794252000001,0.691704,37.44,8460.222399999999,10603.196733920002,1.35573984,73.38239999999999
10642,CA,23420,"Fresno, CA",15-0000,Computer and Mathematical Occupations,3660.0,13.2,10.449,72960.0,2.3,66950.0,2016,1678.08,2103.1376640000003,1.379268,483.12,3289.0368,4122.149821440001,2.70336528,946.9152
11137,CA,25260,"Hanford-Corcoran, CA",15-0000,Computer and Mathematical Occupations,300.0,12.8,7.54,67740.0,7.9,64180.0,2016,5351.46,6706.984818000001,0.96512,38.4,10488.8616,13145.690243280002,1.8916351999999999,75.264
11368,CA,31084,"Los Angeles-Long Beach-Glendale, CA Metropolitan Division",15-0000,Computer and Mathematical Occupations,106620.0,3.4,25.261,91070.0,1.0,87420.0,2016,910.7,1141.38031,0.858874,3625.08,1784.972,2237.1054076,1.6833930400000001,7105.1568
12085,CA,31460,"Madera, CA",15-0000,Computer and Mathematical Occupations,320.0,8.6,7.569,68170.0,2.9,66580.0,2016,1976.93,2477.686369,0.650934,27.52,3874.7828,4856.26528324,1.27583064,53.9392
12297,CA,32900,"Merced, CA",15-0000,Computer and Mathematical Occupations,680.0,8.1,10.373,66150.0,5.2,58720.0,2016,3439.8,4311.10134,0.840213,55.08,6742.008,8449.7586264,1.64681748,107.9568
12573,CA,33700,"Modesto, CA",15-0000,Computer and Mathematical Occupations,1570.0,10.5,9.116,73950.0,3.4,68380.0,2016,2514.3,3151.1721900000002,0.9571799999999999,164.85,4928.028,6176.2974924,1.8760727999999998,323.106
12975,CA,34900,"Napa, CA",15-0000,Computer and Mathematical Occupations,510.0,6.6,7.268,84820.0,3.3,80250.0,2016,2799.06,3508.0618980000004,0.47968799999999995,33.66,5486.1576,6875.801320080001,0.9401884799999999,65.97359999999999
13279,CA,36084,"Oakland-Hayward-Berkeley, CA Metropolitan Division",15-0000,Computer and Mathematical Occupations,42610.0,4.9,39.294,107270.0,1.7,105130.0,2016,1823.59,2285.5053470000003,1.9254060000000002,2087.8900000000003,3574.2364,4479.59048012,3.77379576,4092.2644000000005
13921,CA,37100,"Oxnard-Thousand Oaks-Ventura, CA",15-0000,Computer and Mathematical Occupations,7240.0,7.8,24.136,89750.0,2.4,83340.0,2016,2154.0,2699.6082,1.8826079999999998,564.72,4221.84,5291.232072,3.68991168,1106.8512
14404,CA,39820,"Redding, CA",15-0000,Computer and Mathematical Occupations,600.0,12.0,9.929,68560.0,5.6,66950.0,2016,3839.36,4811.869888,1.1914799999999999,72.0,7525.1456,9431.26498048,2.3353007999999997,141.12
14728,CA,40140,"Riverside-San Bernardino-Ontario, CA",15-0000,Computer and Mathematical Occupations,15010.0,9.8,11.015,77040.0,2.3,74320.0,2016,1771.92,2220.747336,1.0794700000000002,1470.98,3472.9632,4352.66477856,2.1157612,2883.1208
15412,CA,40900,"Sacramento--Roseville--Arden-Arcade, CA",15-0000,Computer and Mathematical Occupations,34550.0,3.5,37.846,86690.0,1.4,84500.0,2016,1213.6599999999999,1521.080078,1.3246099999999998,1209.25,2378.7735999999995,2981.31695288,2.5962355999999995,2370.13
16061,CA,41500,"Salinas, CA",15-0000,Computer and Mathematical Occupations,2100.0,8.3,12.746,91840.0,4.5,86100.0,2016,4132.8,5179.63824,1.0579180000000001,174.3,8100.2880000000005,10152.090950400001,2.07351928,341.62800000000004
16464,CA,41740,"San Diego-Carlsbad, CA",15-0000,Computer and Mathematical Occupations,49360.0,2.6,35.582,93770.0,1.5,92310.0,2016,1406.55,1762.8291150000002,0.9251320000000001,1283.36,2756.8379999999997,3455.1450654000005,1.81325872,2515.3855999999996
17160,CA,41884,"San Francisco-Redwood City-South San Francisco, CA Metropolitan Division",15-0000,Computer and Mathematical Occupations,89380.0,2.3,83.761,115130.0,0.8,114310.0,2016,921.04,1154.339432,1.9265029999999999,2055.74,1805.2384,2262.5052867199997,3.7759458799999996,4029.2503999999994
17781,CA,41940,"San Jose-Sunnyvale-Santa Clara, CA",15-0000,Computer and Mathematical Occupations,130550.0,3.1,124.88,123600.0,2.2,121280.0,2016,2719.2,3407.97336,3.87128,4047.05,5329.632,6679.6277856,7.5877088,7932.218
18374,CA,42020,"San Luis Obispo-Paso Robles-Arroyo Grande, CA",15-0000,Computer and Mathematical Occupations,2230.0,14.6,19.764,81330.0,6.2,74750.0,2016,5042.46,6319.715118000001,2.885544,325.58,9883.2216,12386.641631280001,5.6556662399999995,638.1368
18739,CA,42034,"San Rafael, CA Metropolitan Division",15-0000,Computer and Mathematical Occupations,3390.0,7.0,30.362,105270.0,2.7,103240.0,2016,2842.29,3562.2420570000004,2.12534,237.3,5570.8884,6981.994431720001,4.1656664,465.108
19089,CA,42100,"Santa Cruz-Watsonville, CA",15-0000,Computer and Mathematical Occupations,1910.0,8.3,20.592,88400.0,4.3,81790.0,2016,3801.2,4764.04396,1.709136,158.53000000000003,7450.352,9337.526161599999,3.34990656,310.71880000000004
19441,CA,42200,"Santa Maria-Santa Barbara, CA",15-0000,Computer and Mathematical Occupations,5040.0,8.0,27.647,94600.0,2.8,89330.0,2016,2648.8,3319.7410400000003,2.21176,403.2,5191.648,6506.6924384,4.3350496,790.2719999999999
19911,CA,42220,"Santa Rosa, CA",15-0000,Computer and Mathematical Occupations,3020.0,7.7,15.588,91810.0,3.2,85520.0,2016,2937.92,3682.095136,1.200276,232.54,5758.3232,7216.90646656,2.35254096,455.7784
20368,CA,44700,"Stockton-Lodi, CA",15-0000,Computer and Mathematical Occupations,1790.0,12.1,7.865,71230.0,2.7,67180.0,2016,1923.21,2410.3590930000005,0.951665,216.59,3769.4916,4724.3038222800005,1.8652634,424.5164
20810,CA,46700,"Vallejo-Fairfield, CA",15-0000,Computer and Mathematical Occupations,1850.0,17.0,14.382,90830.0,2.9,88670.0,2016,2634.07,3301.279931,2.44494,314.5,5162.7772,6470.50866476,4.7920824,616.42
21183,CA,47300,"Visalia-Porterville, CA",15-0000,Computer and Mathematical Occupations,1000.0,13.8,6.873,68050.0,2.8,64180.0,2016,1905.4,2388.03782,0.948474,138.0,3734.5840000000003,4680.5541272,1.8590090400000001,270.48
21531,CA,49700,"Yuba City, CA",15-0000,Computer and Mathematical Occupations,270.0,6.8,6.773,81300.0,7.3,71460.0,2016,5934.9,7438.21017,0.460564,18.36,11632.403999999999,14578.8919332,0.90270544,35.9856
21781,CO,14500,"Boulder, CO",15-0000,Computer and Mathematical Occupations,12860.0,4.6,72.972,94330.0,1.7,91260.0,2016,1603.61,2009.804413,3.3567119999999995,591.56,3143.0755999999997,3939.21664948,6.579155519999999,1159.4576
22214,CO,17820,"Colorado Springs, CO",15-0000,Computer and Mathematical Occupations,14430.0,4.6,53.632,92020.0,2.0,91090.0,2016,1840.4,2306.5733200000004,2.467072,663.78,3607.184,4520.883707200001,4.83546112,1301.0087999999998
22727,CO,19740,"Denver-Aurora-Lakewood, CO",15-0000,Computer and Mathematical Occupations,66960.0,2.9,47.3,96880.0,1.5,93830.0,2016,1453.2,1821.29556,1.3717,1941.84,2848.272,3569.7392976,2.688532,3806.0063999999998
23405,CO,22660,"Fort Collins, CO",15-0000,Computer and Mathematical Occupations,5050.0,5.3,33.684,85980.0,2.8,85130.0,2016,2407.4399999999996,3017.2445519999997,1.7852519999999998,267.65,4718.582399999999,5913.799321919999,3.4990939199999995,524.5939999999999
23802,CO,24300,"Grand Junction, CO",15-0000,Computer and Mathematical Occupations,580.0,10.2,9.819,73680.0,4.1,69130.0,2016,3020.88,3786.068904,1.001538,59.16,5920.9248,7420.69505184,1.96301448,115.9536
24081,CO,24540,"Greeley, CO",15-0000,Computer and Mathematical Occupations,970.0,12.8,10.06,69800.0,2.7,67900.0,2016,1884.6,2361.96918,1.28768,124.16,3693.816,4629.4595928,2.5238528,243.3536
24411,CO,39380,"Pueblo, CO",15-0000,Computer and Mathematical Occupations,660.0,15.7,11.558,66180.0,3.0,64150.0,2016,1985.4,2488.30182,1.814606,103.62,3891.384,4877.071567200001,3.55662776,203.0952
24701,CT,71950,"Bridgeport-Stamford-Norwalk, CT",15-0000,Computer and Mathematical Occupations,14600.0,10.2,34.861,94890.0,1.9,90670.0,2016,1802.91,2259.587103,3.5558219999999996,1489.2,3533.7036000000003,4428.790721879999,6.969411119999999,2918.832
25214,CT,72850,"Danbury, CT",15-0000,Computer and Mathematical Occupations,1710.0,5.9,21.437,84760.0,4.2,80090.0,2016,3559.92,4461.647736,1.2647830000000002,100.89,6977.4432,8744.82956256,2.4789746800000003,197.74439999999998
25543,CT,73450,"Hartford-West Hartford-East Hartford, CT",15-0000,Computer and Mathematical Occupations,21190.0,5.8,36.514,90110.0,1.3,89010.0,2016,1171.43,1468.153219,2.1178120000000002,1229.02,2296.0028,2877.58030924,4.15091152,2408.8792
26125,CT,75700,"New Haven, CT",15-0000,Computer and Mathematical Occupations,5900.0,4.9,20.957,81760.0,2.4,78610.0,2016,1962.24,2459.2753920000005,1.0268930000000003,289.1,3845.9904,4820.179768320001,2.0127102800000003,566.6360000000001
26619,CT,76450,"Norwich-New London-Westerly, CT-RI",15-0000,Computer and Mathematical Occupations,1910.0,9.9,15.001,84450.0,2.0,82780.0,2016,1689.0,2116.8237000000004,1.485099,189.09,3310.44,4148.974452,2.91079404,370.6164
26970,CT,78700,"Waterbury, CT",15-0000,Computer and Mathematical Occupations,590.0,16.9,8.564,70290.0,2.9,70760.0,2016,2038.41,2554.739253,1.4473159999999998,99.71,3995.2836,5007.28893588,2.8367393599999997,195.43159999999997
27285,DC,47894,"Washington-Arlington-Alexandria, DC-VA-MD-WV Metropolitan Division",15-0000,Computer and Mathematical Occupations,189120.0,1.8,75.93,104750.0,0.7,103910.0,2016,733.25,918.9822250000001,1.36674,3404.16,1437.17,1801.205161,2.6788104,6672.1536
27983,DE,20100,"Dover, DE",15-0000,Computer and Mathematical Occupations,930.0,7.3,14.583,71610.0,2.4,66300.0,2016,1718.64,2153.971512,1.064559,67.89,3368.5344,4221.78416352,2.08653564,133.0644
28269,DE,48864,"Wilmington, DE-MD-NJ Metropolitan Division",15-0000,Computer and Mathematical Occupations,15180.0,6.2,43.78,94080.0,1.4,93380.0,2016,1317.12,1650.746496,2.7143600000000006,941.16,2581.5552,3235.46313216,5.320145600000001,1844.6735999999999
28783,FL,15980,"Cape Coral-Fort Myers, FL",15-0000,Computer and Mathematical Occupations,2860.0,8.5,11.424,64500.0,2.3,59210.0,2016,1483.5,1859.2705500000002,0.97104,243.1,2907.66,3644.1702780000005,1.9032384,476.476
29235,FL,18880,"Crestview-Fort Walton Beach-Destin, FL",15-0000,Computer and Mathematical Occupations,3070.0,6.8,28.948,83060.0,2.2,80480.0,2016,1827.3200000000004,2290.1801560000004,1.968464,208.76,3581.547200000001,4488.753105760001,3.85818944,409.1696
29586,FL,19660,"Deltona-Daytona Beach-Ormond Beach, FL",15-0000,Computer and Mathematical Occupations,2460.0,15.9,12.946,59500.0,2.1,56730.0,2016,1249.5,1565.9983500000003,2.058414,391.14,2449.02,3069.3567660000003,4.03449144,766.6343999999999
30030,FL,22744,"Fort Lauderdale-Pompano Beach-Deerfield Beach, FL Metropolitan Division",15-0000,Computer and Mathematical Occupations,20170.0,5.5,25.287,75430.0,1.7,70670.0,2016,1282.31,1607.119123,1.390785,1109.35,2513.3275999999996,3149.9534810799996,2.7259385999999997,2174.3259999999996
30591,FL,23540,"Gainesville, FL",15-0000,Computer and Mathematical Occupations,3280.0,5.0,25.657,63020.0,1.6,58430.0,2016,1008.32,1263.727456,1.28285,164.0,1976.3072,2476.90581376,2.514386,321.44
30939,FL,26140,"Homosassa Springs, FL",15-0000,Computer and Mathematical Occupations,250.0,9.2,7.849,56850.0,6.1,52950.0,2016,3467.85,4346.256405,0.722108,23.0,6796.986,8518.6625538,1.41533168,45.08
31143,FL,27260,"Jacksonville, FL",15-0000,Computer and Mathematical Occupations,17380.0,5.6,26.936,77810.0,1.8,74230.0,2016,1400.58,1755.3469140000002,1.508416,973.28,2745.1367999999998,3440.47995144,2.95649536,1907.6288
31717,FL,29460,"Lakeland-Winter Haven, FL",15-0000,Computer and Mathematical Occupations,3240.0,4.8,15.304,66650.0,1.8,61100.0,2016,1199.7,1503.58401,0.7345919999999999,155.52,2351.4120000000003,2947.0246596,1.4398003199999998,304.8192
32177,FL,33124,"Miami-Miami Beach-Kendall, FL Metropolitan Division",15-0000,Computer and Mathematical Occupations,22090.0,5.2,19.624,72030.0,1.8,66800.0,2016,1296.54,1624.953582,1.020448,1148.68,2541.2183999999997,3184.90902072,2.00007808,2251.4128
32780,FL,34940,"Naples-Immokalee-Marco Island, FL",15-0000,Computer and Mathematical Occupations,1330.0,11.7,9.661,68920.0,3.7,61650.0,2016,2550.04,3195.9651320000003,1.130337,155.60999999999999,4998.078399999999,6264.091658720001,2.2154605199999997,304.99559999999997
33146,FL,35840,"North Port-Sarasota-Bradenton, FL",15-0000,Computer and Mathematical Occupations,3650.0,7.3,12.921,66770.0,2.2,61270.0,2016,1468.94,1841.022502,0.9432329999999999,266.45,2879.1224,3608.40410392,1.8487366799999998,522.242
33605,FL,36100,"Ocala, FL",15-0000,Computer and Mathematical Occupations,640.0,9.9,6.594,59680.0,4.2,54430.0,2016,2506.56,3141.471648,0.6528060000000001,63.36,4912.857599999999,6157.284430080001,1.2794997600000002,124.1856
33957,FL,36740,"Orlando-Kissimmee-Sanford, FL",15-0000,Computer and Mathematical Occupations,31090.0,3.2,26.573,78260.0,2.0,73880.0,2016,1565.2,1961.66516,0.8503360000000001,994.88,3067.792,3844.8637135999998,1.6666585600000001,1949.9648
34567,FL,37340,"Palm Bay-Melbourne-Titusville, FL",15-0000,Computer and Mathematical Occupations,9470.0,6.0,47.182,85170.0,1.7,81240.0,2016,1447.89,1814.6405370000002,2.83092,568.2,2837.8644,3556.6954525200003,5.5486032,1113.672
34982,FL,37460,"Panama City, FL",15-0000,Computer and Mathematical Occupations,1060.0,6.9,13.074,70940.0,6.2,66590.0,2016,4398.28,5512.364324,0.902106,73.14,8620.628799999999,10804.23407504,1.7681277599999998,143.3544
35302,FL,37860,"Pensacola-Ferry Pass-Brent, FL",15-0000,Computer and Mathematical Occupations,2870.0,7.1,17.377,65210.0,3.8,60630.0,2016,2477.98,3105.6523340000003,1.2337669999999998,203.77,4856.8408,6087.078574640001,2.41818332,399.3892
35727,FL,38940,"Port St. Lucie, FL",15-0000,Computer and Mathematical Occupations,1150.0,10.2,8.433,62450.0,4.6,57380.0,2016,2872.7,3600.3549100000005,0.860166,117.3,5630.491999999999,7056.6956236000005,1.68592536,229.908
36086,FL,39460,"Punta Gorda, FL",15-0000,Computer and Mathematical Occupations,380.0,14.7,8.373,63460.0,5.2,58720.0,2016,3299.92,4135.789736000001,1.2308309999999998,55.86,6467.8432,8106.147882560001,2.4124287599999996,109.48559999999999
36292,FL,42680,"Sebastian-Vero Beach, FL",15-0000,Computer and Mathematical Occupations,460.0,10.7,9.592,62860.0,3.1,57590.0,2016,1948.66,2442.2555780000002,1.026344,49.22,3819.3736,4786.82093288,2.01163424,96.4712
36519,FL,42700,"Sebring, FL",15-0000,Computer and Mathematical Occupations,220.0,14.7,8.631,49760.0,5.4,46430.0,2016,2687.04,3367.6672320000002,1.268757,32.34,5266.5984,6600.62777472,2.48676372,63.38640000000001
36703,FL,45220,"Tallahassee, FL",15-0000,Computer and Mathematical Occupations,6290.0,3.8,38.3,61220.0,3.7,56190.0,2016,2265.14,2838.899962,1.4554,239.02,4439.6744,5564.24392552,2.852584,468.4792
37146,FL,45300,"Tampa-St. Petersburg-Clearwater, FL",15-0000,Computer and Mathematical Occupations,41230.0,3.8,32.602,74940.0,1.5,70900.0,2016,1124.1,1408.83453,1.2388759999999999,1566.74,2203.236,2761.3156788,2.4281969599999997,3070.8104
37753,FL,45540,"The Villages, FL",15-0000,Computer and Mathematical Occupations,200.0,14.1,7.888,61560.0,5.1,55260.0,2016,3139.56,3934.8105480000004,1.1122079999999999,28.2,6153.5376,7712.228674080001,2.1799276799999996,55.272
37934,FL,48424,"West Palm Beach-Boca Raton-Delray Beach, FL Metropolitan Division",15-0000,Computer and Mathematical Occupations,12210.0,6.5,20.708,76390.0,1.8,73690.0,2016,1375.02,1723.3125660000003,1.3460199999999998,793.65,2695.0391999999997,3377.6926293600004,2.6381991999999994,1555.5539999999999
38467,GA,10500,"Albany, GA",15-0000,Computer and Mathematical Occupations,670.0,15.5,11.449,62280.0,5.7,56500.0,2016,3549.96,4449.164868,1.774595,103.85,6957.9216,8720.363141279999,3.4782062,203.546
38730,GA,12020,"Athens-Clarke County, GA",15-0000,Computer and Mathematical Occupations,1220.0,6.5,14.679,56590.0,3.0,52400.0,2016,1697.7,2127.72741,0.954135,79.3,3327.492,4170.3457235999995,1.8701046,155.428
39062,GA,12060,"Atlanta-Sandy Springs-Roswell, GA",15-0000,Computer and Mathematical Occupations,114580.0,2.1,44.874,88510.0,1.4,84060.0,2016,1239.1399999999999,1553.0141619999997,0.9423540000000001,2406.18,2428.7144,3043.9077575199994,1.8470138400000002,4716.1128
39758,GA,12260,"Augusta-Richmond County, GA-SC",15-0000,Computer and Mathematical Occupations,2710.0,5.6,12.681,69110.0,2.2,66230.0,2016,1520.42,1905.542386,0.710136,151.76,2980.0232,3734.86307656,1.39186656,297.4496
40185,GA,15260,"Brunswick, GA",15-0000,Computer and Mathematical Occupations,570.0,29.5,14.406,69150.0,3.1,67570.0,2016,2143.65,2686.636545,4.249770000000001,168.15,4201.554,5265.807628199999,8.3295492,329.574
40405,GA,17980,"Columbus, GA-AL",15-0000,Computer and Mathematical Occupations,2970.0,10.4,26.489,78740.0,3.3,76580.0,2016,2598.42,3256.599786,2.754856,308.88,5092.9032,6382.935580560001,5.39951776,605.4048
40745,GA,19140,"Dalton, GA",15-0000,Computer and Mathematical Occupations,1000.0,10.1,14.638,77880.0,4.7,73620.0,2016,3660.36,4587.529188,1.478438,101.0,7174.3056,8991.55720848,2.8977384799999997,197.96
40986,GA,23580,"Gainesville, GA",15-0000,Computer and Mathematical Occupations,710.0,6.5,8.666,73480.0,3.9,70120.0,2016,2865.72,3591.606876,0.56329,46.15,5616.811199999999,7039.549476959999,1.1040484,90.454
41258,GA,25980,"Hinesville, GA",15-0000,Computer and Mathematical Occupations,290.0,30.7,17.493,81720.0,7.1,70500.0,2016,5802.12,7271.796996000001,5.370350999999999,89.03,11372.1552,14252.722112160001,10.525887959999999,174.4988
41408,GA,31420,"Macon, GA",15-0000,Computer and Mathematical Occupations,1560.0,3.8,15.928,66060.0,2.3,62450.0,2016,1519.38,1904.2389540000001,0.605264,59.28,2977.9848,3732.30834984,1.18631744,116.1888
41710,GA,40660,"Rome, GA",15-0000,Computer and Mathematical Occupations,370.0,4.0,10.11,65750.0,3.6,61610.0,2016,2367.0,2966.5611000000004,0.4044,14.8,4639.32,5814.459756,0.792624,29.008
41926,GA,42340,"Savannah, GA",15-0000,Computer and Mathematical Occupations,2000.0,4.4,12.069,78130.0,6.1,70380.0,2016,4765.93,5973.140069,0.5310360000000001,88.0,9341.2228,11707.35453524,1.04083056,172.48
42304,GA,46660,"Valdosta, GA",15-0000,Computer and Mathematical Occupations,1100.0,45.6,21.004,62900.0,2.8,56420.0,2016,1761.2,2207.3119600000005,9.577824,501.6,3451.952,4326.331441600001,18.772535039999998,983.1360000000001
42554,GA,47580,"Warner Robins, GA",15-0000,Computer and Mathematical Occupations,1600.0,5.9,23.206,74940.0,2.1,74400.0,2016,1573.74,1972.3683420000002,1.369154,94.4,3084.5304,3865.8419503200003,2.6835418399999997,185.024
42804,HI,27980,"Kahului-Wailuku-Lahaina, HI",15-0000,Computer and Mathematical Occupations,400.0,7.0,5.522,83090.0,5.7,75320.0,2016,4736.13,5935.7917290000005,0.38654000000000005,28.0,9282.8148,11634.151788840001,0.7576184000000001,54.879999999999995
43096,HI,46520,"Urban Honolulu, HI",15-0000,Computer and Mathematical Occupations,8140.0,3.4,17.608,78920.0,2.1,75750.0,2016,1657.32,2077.119156,0.598672,276.76,3248.3471999999997,4071.1535457600003,1.17339712,542.4495999999999
43638,IA,11180,"Ames, IA",15-0000,Computer and Mathematical Occupations,1440.0,6.7,32.862,72070.0,4.0,68110.0,2016,2882.8,3613.01324,2.201754,96.48,5650.2880000000005,7081.5059504,4.31543784,189.1008
43889,IA,16300,"Cedar Rapids, IA",15-0000,Computer and Mathematical Occupations,6030.0,3.2,42.393,80360.0,3.2,79670.0,2016,2571.52,3222.886016,1.356576,192.96,5040.1792,6316.85659136,2.65888896,378.2016
44287,IA,19340,"Davenport-Moline-Rock Island, IA-IL",15-0000,Computer and Mathematical Occupations,4410.0,4.8,24.409,74760.0,3.9,73540.0,2016,2915.64,3654.171612,1.1716319999999998,211.68,5714.654399999999,7162.17635952,2.2963987199999996,414.8928
44763,IA,19780,"Des Moines-West Des Moines, IA",15-0000,Computer and Mathematical Occupations,13090.0,3.0,37.029,81340.0,2.1,77940.0,2016,1708.14,2140.8118620000005,1.1108700000000002,392.7,3347.9544,4195.991249520001,2.1773052000000006,769.692
45264,IA,20220,"Dubuque, IA",15-0000,Computer and Mathematical Occupations,1060.0,22.6,18.462,66610.0,4.2,60860.0,2016,2797.62,3506.257146,4.172412,239.56,5483.3351999999995,6872.26400616,8.177927519999999,469.5376
45534,IA,26980,"Iowa City, IA",15-0000,Computer and Mathematical Occupations,2360.0,3.7,26.054,68400.0,2.5,67940.0,2016,1710.0,2143.143,0.963998,87.32,3351.6,4200.56028,1.88943608,171.14719999999997
45845,IA,43580,"Sioux City, IA-NE-SD",15-0000,Computer and Mathematical Occupations,820.0,7.9,9.566,64960.0,3.7,61070.0,2016,2403.52,3012.331616,0.7557140000000001,64.78,4710.8992,5904.16996736,1.4811994400000001,126.9688
46167,IA,47940,"Waterloo-Cedar Falls, IA",15-0000,Computer and Mathematical Occupations,1210.0,12.0,13.695,67230.0,2.0,63460.0,2016,1344.6,1685.1871800000001,1.6434,145.2,2635.4159999999997,3302.9668728,3.2210639999999997,284.592
46503,ID,14260,"Boise City, ID",15-0000,Computer and Mathematical Occupations,8840.0,9.8,29.813,68500.0,3.5,65210.0,2016,2397.5,3004.7867500000007,2.921674,866.32,4699.1,5889.382030000002,5.7264810399999995,1697.9872
46996,ID,17660,"Coeur d'Alene, ID",15-0000,Computer and Mathematical Occupations,670.0,12.2,11.511,57430.0,3.2,51330.0,2016,1837.76,2303.264608,1.4043419999999998,81.74,3602.0096,4514.39863168,2.7525103199999994,160.2104
47267,ID,26820,"Idaho Falls, ID",15-0000,Computer and Mathematical Occupations,1110.0,11.3,17.85,76200.0,9.9,75040.0,2016,7543.8,9454.644540000001,2.0170500000000002,125.43,14785.848,18531.1032984,3.9534180000000005,245.8428
47538,ID,30300,"Lewiston, ID-WA",15-0000,Computer and Mathematical Occupations,230.0,29.6,8.85,61680.0,4.7,59920.0,2016,2898.96,3633.266568,2.6195999999999997,68.08,5681.9616,7121.20247328,5.134415999999999,133.4368
47716,ID,38540,"Pocatello, ID",15-0000,Computer and Mathematical Occupations,410.0,9.0,12.516,60370.0,8.0,52090.0,2016,4829.6,6052.93768,1.12644,36.9,9466.016000000001,11863.7578528,2.2078224,72.324
47906,IL,14010,"Bloomington, IL",15-0000,Computer and Mathematical Occupations,4590.0,23.4,50.916,84370.0,2.2,81560.0,2016,1856.1400000000003,2326.3002620000007,11.914343999999998,1074.06,3638.0344000000005,4559.5485135200015,23.352114239999995,2105.1576
48203,IL,16060,"Carbondale-Marion, IL",15-0000,Computer and Mathematical Occupations,580.0,8.3,11.207,54640.0,10.9,54260.0,2016,5955.76,7464.354008,0.9301810000000001,48.14,11673.2896,14630.13385568,1.8231547600000002,94.3544
48455,IL,16580,"Champaign-Urbana, IL",15-0000,Computer and Mathematical Occupations,2280.0,9.7,23.277,72600.0,2.8,67990.0,2016,2032.8,2547.7082400000004,2.257869,221.16,3984.288,4993.508150400001,4.42542324,433.4736
48807,IL,16974,"Chicago-Naperville-Arlington Heights, IL Metropolitan Division",15-0000,Computer and Mathematical Occupations,127940.0,2.6,35.161,86870.0,0.8,83800.0,2016,694.96,870.993368,0.9141860000000002,3326.44,1362.1216,1707.14700128,1.7918045600000003,6519.8224
49501,IL,19180,"Danville, IL",15-0000,Computer and Mathematical Occupations,280.0,10.5,10.85,64040.0,2.9,57310.0,2016,1857.16,2327.578628,1.1392499999999999,29.4,3640.0336,4562.054110880001,2.2329299999999996,57.623999999999995
49659,IL,19500,"Decatur, IL",15-0000,Computer and Mathematical Occupations,390.0,15.9,7.988,68770.0,7.1,62440.0,2016,4882.67,6119.4503110000005,1.270092,62.01,9570.0332,11994.122609560001,2.48938032,121.5396
49901,IL,20994,"Elgin, IL Metropolitan Division",15-0000,Computer and Mathematical Occupations,4430.0,16.1,17.935,78260.0,3.1,72680.0,2016,2426.06,3040.5809980000004,2.887535,713.23,4755.0776,5959.538756080001,5.6595686,1397.9308
50331,IL,28100,"Kankakee, IL",15-0000,Computer and Mathematical Occupations,360.0,10.8,8.777,63650.0,4.7,58580.0,2016,2991.55,3749.309615,0.947916,38.88,5863.438,7348.6468454000005,1.85791536,76.2048
50572,IL,29404,"Lake County-Kenosha County, IL-WI Metropolitan Division",15-0000,Computer and Mathematical Occupations,14640.0,19.3,36.533,90670.0,2.0,89830.0,2016,1813.4,2272.7342200000003,7.0508690000000005,2825.52,3554.264,4454.5590712,13.81970324,5538.0192
51098,IL,37900,"Peoria, IL",15-0000,Computer and Mathematical Occupations,5090.0,9.5,29.173,84270.0,6.1,81680.0,2016,5140.469999999999,6442.5510509999995,2.7714349999999994,483.55,10075.321199999998,12627.400059959999,5.432012599999998,947.758
51490,IL,40420,"Rockford, IL",15-0000,Computer and Mathematical Occupations,1320.0,9.5,8.925,66880.0,3.1,65420.0,2016,2073.28,2598.441824,0.847875,125.4,4063.6288000000004,5092.94597504,1.661835,245.78400000000002
51856,IL,44100,"Springfield, IL",15-0000,Computer and Mathematical Occupations,3080.0,10.3,28.978,83350.0,3.7,82500.0,2016,3083.95,3865.114535,2.9847340000000004,317.24,6044.5419999999995,7575.6244886,5.85007864,621.7904
52193,IN,14020,"Bloomington, IN",15-0000,Computer and Mathematical Occupations,1690.0,9.1,25.103,67360.0,3.4,65750.0,2016,2290.24,2870.357792,2.284373,153.79,4488.8704,5625.901272319999,4.47737108,301.42839999999995
52448,IN,18020,"Columbus, IN",15-0000,Computer and Mathematical Occupations,970.0,27.0,19.764,71280.0,3.0,70250.0,2016,2138.4,2680.05672,5.3362799999999995,261.9,4191.264,5252.9111712,10.4591088,513.324
52671,IN,21140,"Elkhart-Goshen, IN",15-0000,Computer and Mathematical Occupations,1030.0,10.9,8.123,61650.0,2.6,57630.0,2016,1602.9,2008.9145700000001,0.885407,112.27,3141.684,3937.4725572,1.7353977200000001,220.04919999999998
53025,IN,21780,"Evansville, IN-KY",15-0000,Computer and Mathematical Occupations,2130.0,9.2,13.928,66700.0,2.6,61970.0,2016,1734.2,2173.4728600000003,1.2813759999999998,195.96,3399.032,4260.006805600001,2.5114969599999997,384.0816
53478,IN,23060,"Fort Wayne, IN",15-0000,Computer and Mathematical Occupations,4070.0,9.4,19.186,74080.0,3.5,70160.0,2016,2592.8,3249.55624,1.803484,382.58,5081.888,6369.1302304,3.53482864,749.8567999999999
53924,IN,23844,"Gary, IN Metropolitan Division",15-0000,Computer and Mathematical Occupations,2510.0,6.7,9.414,60160.0,5.7,55250.0,2016,3429.12,4297.716096,0.630738,168.17,6721.075199999999,8423.52354816,1.23624648,329.61319999999995
54415,IN,26900,"Indianapolis-Carmel-Anderson, IN",15-0000,Computer and Mathematical Occupations,31540.0,3.7,31.078,74930.0,1.2,72550.0,2016,899.16,1126.917228,1.149886,1166.98,1762.3536,2208.75776688,2.25377656,2287.2808
55013,IN,29020,"Kokomo, IN",15-0000,Computer and Mathematical Occupations,420.0,43.0,10.606,74210.0,3.3,73200.0,2016,2448.93,3069.243969,4.56058,180.6,4799.9028,6015.71817924,8.9387368,353.976
55200,IN,29200,"Lafayette-West Lafayette, IN",15-0000,Computer and Mathematical Occupations,1340.0,7.6,14.825,68130.0,3.1,62930.0,2016,2112.03,2647.007199,1.1266999999999998,101.84,4139.5788,5188.13411004,2.2083319999999995,199.6064
55476,IN,33140,"Michigan City-La Porte, IN",15-0000,Computer and Mathematical Occupations,240.0,16.3,5.944,64020.0,2.9,61030.0,2016,1856.58,2326.8517140000004,0.9688720000000001,39.12,3638.8968,4560.62935944,1.8989891200000002,76.67519999999999
55695,IN,34620,"Muncie, IN",15-0000,Computer and Mathematical Occupations,1010.0,13.5,22.519,65440.0,3.7,63060.0,2016,2421.28,3034.590224,3.040065,136.35,4745.7088,5947.79683904,5.9585273999999995,267.246
55923,IN,43780,"South Bend-Mishawaka, IN-MI",15-0000,Computer and Mathematical Occupations,2190.0,7.2,16.5,59290.0,2.1,55360.0,2016,1245.09,1560.4712970000003,1.188,157.68,2440.3763999999996,3058.5237421200004,2.32848,309.0528
56298,IN,45460,"Terre Haute, IN",15-0000,Computer and Mathematical Occupations,530.0,9.1,8.065,61030.0,3.1,59700.0,2016,1891.93,2371.155869,0.733915,48.23,3708.1828,4647.4655032400005,1.4384734,94.53079999999999
56578,KS,29940,"Lawrence, KS",15-0000,Computer and Mathematical Occupations,1770.0,5.2,35.801,84970.0,9.0,79930.0,2016,7647.3,9584.36109,1.8616520000000003,92.04,14988.708,18785.3477364,3.6488379200000005,180.3984
56810,KS,31740,"Manhattan, KS",15-0000,Computer and Mathematical Occupations,630.0,4.0,16.754,58900.0,3.3,56730.0,2016,1943.7,2436.03921,0.6701600000000001,25.2,3809.652,4774.636851599999,1.3135136,49.391999999999996
57037,KS,45820,"Topeka, KS",15-0000,Computer and Mathematical Occupations,2980.0,3.5,27.131,67200.0,3.2,61750.0,2016,2150.4,2695.0963200000006,0.949585,104.3,4214.784,5282.388787200001,1.8611866,204.428
57412,KS,48620,"Wichita, KS",15-0000,Computer and Mathematical Occupations,5960.0,5.8,20.068,68350.0,2.7,64970.0,2016,1845.45,2312.902485,1.163944,345.68,3617.082,4533.2888706,2.28133024,677.5328
57896,KY,14540,"Bowling Green, KY",15-0000,Computer and Mathematical Occupations,740.0,12.3,10.286,59260.0,5.5,52680.0,2016,3259.3,4084.88069,1.2651780000000001,91.02,6388.228,8006.3661524,2.4797488800000003,178.39919999999998
58186,KY,21060,"Elizabethtown-Fort Knox, KY",15-0000,Computer and Mathematical Occupations,1550.0,10.9,29.12,72800.0,4.5,73370.0,2016,3276.0,4105.8108,3.17408,168.95,6420.96,8047.389168000001,6.2211967999999995,331.142
58451,KY,30460,"Lexington-Fayette, KY",15-0000,Computer and Mathematical Occupations,4950.0,8.3,18.34,68190.0,2.7,64550.0,2016,1841.13,2307.4882290000005,1.5222200000000001,410.85,3608.6148000000003,4522.676928840001,2.9835512000000004,805.2660000000001
58936,KY,31140,"Louisville/Jefferson County, KY-IN",15-0000,Computer and Mathematical Occupations,13860.0,5.4,21.52,72790.0,1.5,70010.0,2016,1091.85,1368.4156050000001,1.16208,748.44,2140.026,2682.0945858,2.2776768,1466.9424000000001
59512,KY,36980,"Owensboro, KY",15-0000,Computer and Mathematical Occupations,360.0,6.9,7.453,61640.0,3.3,58170.0,2016,2034.12,2549.3625960000004,0.5142570000000001,24.84,3986.8751999999995,4996.750688160001,1.00794372,48.6864
59753,LA,10780,"Alexandria, LA",15-0000,Computer and Mathematical Occupations,350.0,10.9,5.796,61030.0,3.1,60120.0,2016,1891.93,2371.155869,0.6317640000000001,38.15,3708.1828,4647.4655032400005,1.2382574400000002,74.774
60044,LA,12940,"Baton Rouge, LA",15-0000,Computer and Mathematical Occupations,5910.0,5.2,14.935,61730.0,2.8,56210.0,2016,1728.44,2166.2538520000003,0.7766200000000001,307.32,3387.7424,4245.857549920001,1.5221752000000002,602.3471999999999
60534,LA,25220,"Hammond, LA",15-0000,Computer and Mathematical Occupations,440.0,8.3,10.51,54830.0,9.7,48710.0,2016,5318.51,6665.688583000001,0.87233,36.52,10424.2796,13064.749622680001,1.7097668000000001,71.5792
60729,LA,26380,"Houma-Thibodaux, LA",15-0000,Computer and Mathematical Occupations,410.0,10.1,4.55,54740.0,3.2,52720.0,2016,1751.68,2195.380544,0.45954999999999996,41.41,3433.2928,4302.94586624,0.9007179999999999,81.16359999999999
61055,LA,29180,"Lafayette, LA",15-0000,Computer and Mathematical Occupations,1630.0,7.8,8.007,57640.0,2.5,52030.0,2016,1441.0,1806.0053,0.624546,127.14,2824.36,3539.770388,1.2241101600000002,249.1944
61478,LA,29340,"Lake Charles, LA",15-0000,Computer and Mathematical Occupations,430.0,6.6,4.192,57420.0,2.7,53910.0,2016,1550.34,1943.041122,0.27667200000000003,28.38,3038.6663999999996,3808.36059912,0.5422771200000001,55.6248
61788,LA,33740,"Monroe, LA",15-0000,Computer and Mathematical Occupations,1000.0,8.3,13.008,60030.0,6.9,54480.0,2016,4142.07,5191.2563310000005,1.0796640000000002,83.0,8118.457199999999,10174.86240876,2.1161414400000003,162.68
62113,LA,35380,"New Orleans-Metairie, LA",15-0000,Computer and Mathematical Occupations,7550.0,4.4,13.521,67710.0,3.5,61720.0,2016,2369.85,2970.133005,0.5949240000000001,332.2,4644.906,5821.4606898,1.1660510400000001,651.112
62688,LA,43340,"Shreveport-Bossier City, LA",15-0000,Computer and Mathematical Occupations,1370.0,8.4,7.683,61600.0,2.6,58880.0,2016,1601.6,2007.2852800000003,0.645372,115.08,3139.136,3934.2791488000007,1.26492912,225.55679999999998
63114,MA,70900,"Barnstable Town, MA",15-0000,Computer and Mathematical Occupations,1080.0,9.3,10.602,78180.0,3.9,73040.0,2016,3049.02,3821.336766,0.985986,100.44,5976.0792,7489.820061359999,1.93253256,196.86239999999998
63470,MA,71654,"Boston-Cambridge-Newton, MA NECTA Division",15-0000,Computer and Mathematical Occupations,98150.0,2.3,54.438,97660.0,1.1,94510.0,2016,1074.2600000000002,1346.3700580000002,1.252074,2257.45,2105.5496000000003,2638.8853136800003,2.4540650399999997,4424.602
64119,MA,72104,"Brockton-Bridgewater-Easton, MA NECTA Division",15-0000,Computer and Mathematical Occupations,600.0,13.8,7.642,81320.0,3.0,77300.0,2016,2439.6,3057.5506800000003,1.054596,82.8,4781.616,5992.7993328,2.0670081600000003,162.28799999999998
64444,MA,73104,"Framingham, MA NECTA Division",15-0000,Computer and Mathematical Occupations,15010.0,4.1,86.041,98040.0,1.8,95300.0,2016,1764.72,2211.7235760000003,3.5276809999999994,615.41,3458.8512,4334.97820896,6.914254759999999,1206.2035999999998
64823,MA,73604,"Haverhill-Newburyport-Amesbury Town, MA-NH NECTA Division",15-0000,Computer and Mathematical Occupations,780.0,10.8,12.052,75200.0,3.1,69370.0,2016,2331.2,2921.6929600000003,1.3016159999999999,84.24,4569.151999999999,5726.518201600001,2.5511673599999996,165.1104
65124,MA,74204,"Lawrence-Methuen Town-Salem, MA-NH NECTA Division",15-0000,Computer and Mathematical Occupations,1870.0,9.6,23.412,90180.0,3.0,86310.0,2016,2705.4,3390.67782,2.2475519999999998,179.52,5302.584,6645.7285272,4.40520192,351.8592
65425,MA,74500,"Leominster-Gardner, MA",15-0000,Computer and Mathematical Occupations,560.0,21.8,11.135,68230.0,5.9,57390.0,2016,4025.57,5045.246881,2.4274299999999998,122.08,7890.117200000001,9888.68388676,4.757762799999999,239.27679999999998
65693,MA,74804,"Lowell-Billerica-Chelmsford, MA-NH NECTA Division",15-0000,Computer and Mathematical Occupations,9510.0,14.7,62.851,116080.0,6.9,108200.0,2016,8009.52,10038.331416,9.239097,1397.97,15698.6592,19675.129575360002,18.108630119999997,2740.0212
66051,MA,74854,"Lynn-Saugus-Marblehead, MA NECTA Division",15-0000,Computer and Mathematical Occupations,310.0,20.1,7.33,74130.0,4.4,69770.0,2016,3261.72,4087.913676,1.47333,62.31,6392.971199999999,8012.3108049600005,2.8877268,122.1276
66253,MA,75550,"New Bedford, MA",15-0000,Computer and Mathematical Occupations,560.0,10.2,8.7,81980.0,2.8,79970.0,2016,2295.4399999999996,2876.874952,0.8873999999999999,57.12,4499.062399999999,5638.67490592,1.7393039999999997,111.95519999999999
66534,MA,76524,"Peabody-Salem-Beverly, MA NECTA Division",15-0000,Computer and Mathematical Occupations,1430.0,8.5,15.119,84090.0,2.8,81450.0,2016,2354.5199999999995,2950.9199160000003,1.2851150000000002,121.55,4614.859199999999,5783.803035360001,2.5188254000000003,238.238
66858,MA,76600,"Pittsfield, MA",15-0000,Computer and Mathematical Occupations,670.0,36.3,16.464,79570.0,5.9,78380.0,2016,4694.63,5883.779779,5.976431999999999,243.20999999999995,9201.4748,11532.208366840001,11.713806719999997,476.6915999999999
67106,MA,78100,"Springfield, MA-CT",15-0000,Computer and Mathematical Occupations,5470.0,7.6,17.169,78260.0,2.8,76890.0,2016,2191.28,2746.331224,1.304844,415.72,4294.9088,5382.80919904,2.5574942399999996,814.8112
67618,MA,78254,"Taunton-Middleborough-Norton, MA NECTA Division",15-0000,Computer and Mathematical Occupations,780.0,9.1,13.394,98320.0,3.1,99310.0,2016,3047.92,3819.9581360000006,1.2188539999999999,70.98,5973.9232,7487.117946560001,2.3889538399999997,139.1208
67895,MA,79600,"Worcester, MA-CT",15-0000,Computer and Mathematical Occupations,5870.0,7.4,21.147,85680.0,1.9,82690.0,2016,1627.92,2040.2721360000003,1.564878,434.38,3190.7232,3998.9333865600006,3.06716088,851.3847999999999
68411,MD,12580,"Baltimore-Columbia-Towson, MD",15-0000,Computer and Mathematical Occupations,62290.0,2.5,46.368,95640.0,1.4,92900.0,2016,1338.96,1678.118568,1.1592,1557.25,2624.3616,3289.11239328,2.272032,3052.21
69078,MD,15680,"California-Lexington Park, MD",15-0000,Computer and Mathematical Occupations,3850.0,5.0,87.573,95450.0,1.6,95430.0,2016,1527.2,1914.0397600000003,4.3786499999999995,192.5,2993.312,3751.5179296000006,8.582154,377.3
69271,MD,19060,"Cumberland, MD-WV",15-0000,Computer and Mathematical Occupations,420.0,15.1,11.501,68010.0,7.0,61830.0,2016,4760.7,5966.58531,1.736651,63.42,9330.972,11694.5072076,3.40383596,124.3032
69487,MD,25180,"Hagerstown-Martinsburg, MD-WV",15-0000,Computer and Mathematical Occupations,2590.0,13.3,25.568,82500.0,4.0,79570.0,2016,3300.0,4135.89,3.4005440000000005,344.47,6468.0,8106.344400000001,6.665066240000001,675.1612
69832,MD,41540,"Salisbury, MD-DE",15-0000,Computer and Mathematical Occupations,1390.0,5.5,8.968,78250.0,4.9,69560.0,2016,3834.25,4805.4655250000005,0.49323999999999996,76.45,7515.13,9418.712429000001,0.9667503999999999,149.842
70273,MD,43524,"Silver Spring-Frederick-Rockville, MD Metropolitan Division",15-0000,Computer and Mathematical Occupations,34370.0,3.3,59.122,101690.0,2.3,97640.0,2016,2338.87,2931.305771,1.951026,1134.21,4584.1852,5745.359311159999,3.82401096,2223.0516000000002
70815,ME,70750,"Bangor, ME",15-0000,Computer and Mathematical Occupations,1090.0,16.8,16.923,73380.0,9.0,62620.0,2016,6604.2,8277.04386,2.843064,183.12,12944.232,16223.0059656,5.57240544,358.9152
71107,ME,74650,"Lewiston-Auburn, ME",15-0000,Computer and Mathematical Occupations,840.0,16.0,16.986,63680.0,3.3,61920.0,2016,2101.44,2633.7347520000003,2.71776,134.4,4118.8224,5162.12011392,5.3268096,263.424
71388,ME,76750,"Portland-South Portland, ME",15-0000,Computer and Mathematical Occupations,5960.0,5.9,29.583,78350.0,2.4,73530.0,2016,1880.4,2356.70532,1.745397,351.64,3685.5840000000003,4619.1424272,3.42097812,689.2144
71869,MI,11460,"Ann Arbor, MI",15-0000,Computer and Mathematical Occupations,8090.0,5.8,38.354,80930.0,4.1,77070.0,2016,3318.13,4158.612329,2.224532,469.22,6503.5348,8150.880164839999,4.360082719999999,919.6712
72278,MI,12980,"Battle Creek, MI",15-0000,Computer and Mathematical Occupations,860.0,3.7,15.843,80810.0,5.6,75740.0,2016,4525.36,5671.633688000001,0.586191,31.82,8869.7056,11116.40202848,1.14893436,62.3672
72713,MI,19804,"Detroit-Dearborn-Livonia, MI Metropolitan Division",15-0000,Computer and Mathematical Occupations,21400.0,7.2,29.78,81610.0,1.8,79970.0,2016,1468.98,1841.0726340000003,2.1441600000000003,1540.8,2879.2008,3608.5023626400007,4.202553600000001,3019.968
73273,MI,22420,"Flint, MI",15-0000,Computer and Mathematical Occupations,2430.0,40.7,17.988,57850.0,4.6,55100.0,2016,2661.1,3335.15663,7.321116000000001,989.01,5215.755999999999,6536.9069948,14.349387360000001,1938.4596
73638,MI,24340,"Grand Rapids-Wyoming, MI",15-0000,Computer and Mathematical Occupations,9430.0,5.5,17.064,66550.0,2.0,62180.0,2016,1331.0,1668.1423000000002,0.93852,518.65,2608.7599999999998,3269.5589080000004,1.8394992000000001,1016.554
74186,MI,27100,"Jackson, MI",15-0000,Computer and Mathematical Occupations,1190.0,13.4,20.145,83950.0,4.8,83710.0,2016,4029.6,5050.297680000001,2.69943,159.46,7898.016,9898.583452800001,5.2908828,312.5416
74441,MI,28020,"Kalamazoo-Portage, MI",15-0000,Computer and Mathematical Occupations,2190.0,11.6,16.015,64740.0,2.4,60610.0,2016,1553.76,1947.327408,1.85774,254.04,3045.3696,3816.76171968,3.6411704,497.91839999999996
74828,MI,29620,"Lansing-East Lansing, MI",15-0000,Computer and Mathematical Occupations,6800.0,4.8,33.071,69870.0,1.8,69310.0,2016,1257.66,1576.2252780000001,1.5874079999999997,326.4,2465.0136,3089.40154488,3.1113196799999994,639.7439999999999
75406,MI,33780,"Monroe, MI",15-0000,Computer and Mathematical Occupations,250.0,21.9,6.376,77060.0,4.9,73560.0,2016,3775.94,4732.385602,1.396344,54.75,7400.8423999999995,9275.47577992,2.73683424,107.31
75608,MI,34740,"Muskegon, MI",15-0000,Computer and Mathematical Occupations,390.0,7.8,6.375,71470.0,4.8,65380.0,2016,3430.56,4299.520848,0.49725,30.42,6723.897599999999,8427.06086208,0.9746100000000001,59.623200000000004
75856,MI,35660,"Niles-Benton Harbor, MI",15-0000,Computer and Mathematical Occupations,780.0,10.8,12.681,72780.0,8.8,69820.0,2016,6404.64,8026.9353120000005,1.369548,84.24,12553.0944,15732.79321152,2.68431408,165.1104
76123,MI,40980,"Saginaw, MI",15-0000,Computer and Mathematical Occupations,950.0,12.2,11.084,70560.0,6.7,62360.0,2016,4727.52,5925.000816000001,1.352248,115.9,9265.9392,11613.001599360001,2.6504060799999998,227.16400000000002
76443,MI,47664,"Warren-Troy-Farmington Hills, MI Metropolitan Division",15-0000,Computer and Mathematical Occupations,42400.0,5.2,35.149,80530.0,1.4,78120.0,2016,1127.42,1412.995486,1.827748,2204.8,2209.7432,2769.47115256,3.5823860799999996,4321.408
77063,MN,20260,"Duluth, MN-WI",15-0000,Computer and Mathematical Occupations,1680.0,8.9,13.381,64110.0,1.7,61990.0,2016,1089.87,1365.9340710000001,1.190909,149.52,2136.1452,2677.23077916,2.33418164,293.05920000000003
77464,MN,31860,"Mankato-North Mankato, MN",15-0000,Computer and Mathematical Occupations,1050.0,14.0,20.284,63250.0,4.6,56400.0,2016,2909.5,3646.47635,2.83976,147.0,5702.62,7147.093645999999,5.5659296,288.12
77765,MN,33460,"Minneapolis-St. Paul-Bloomington, MN-WI",15-0000,Computer and Mathematical Occupations,82440.0,3.4,43.155,86780.0,1.0,83570.0,2016,867.8,1087.61374,1.46727,2802.96,1700.888,2131.7229303999998,2.8758492,5493.8016
78471,MN,40340,"Rochester, MN",15-0000,Computer and Mathematical Occupations,4150.0,22.9,36.225,88080.0,2.8,86250.0,2016,2466.24,3090.938592,8.295525,950.35,4833.8304,6058.23964032,16.259228999999998,1862.686
78825,MN,41060,"St. Cloud, MN",15-0000,Computer and Mathematical Occupations,1730.0,10.0,16.834,70260.0,2.2,66370.0,2016,1545.72,1937.250876,1.6834,173.0,3029.6112,3797.01171696,3.299464,339.08
79168,MO,16020,"Cape Girardeau, MO-IL",15-0000,Computer and Mathematical Occupations,460.0,7.9,10.678,50830.0,3.4,45200.0,2016,1728.22,2165.978126,0.8435620000000001,36.34,3387.3112,4245.31712696,1.6533815200000002,71.22640000000001
79417,MO,17860,"Columbia, MO",15-0000,Computer and Mathematical Occupations,2920.0,12.6,31.883,58700.0,3.6,54170.0,2016,2113.2,2648.4735600000004,4.017258,367.92,4141.871999999999,5191.008177600001,7.8738256799999995,721.1232
79747,MO,27620,"Jefferson City, MO",15-0000,Computer and Mathematical Occupations,2570.0,7.1,35.593,56110.0,4.6,52780.0,2016,2581.0599999999995,3234.842498,2.5271030000000003,182.47,5058.877599999999,6340.2912960799995,4.95312188,357.64119999999997
80035,MO,27900,"Joplin, MO",15-0000,Computer and Mathematical Occupations,800.0,15.4,10.405,65730.0,3.5,63180.0,2016,2300.55,2883.279315,1.6023699999999999,123.2,4509.078,5651.2274574,3.1406452,241.472
80347,MO,28140,"Kansas City, MO-KS",15-0000,Computer and Mathematical Occupations,44310.0,4.4,42.473,79300.0,1.2,77200.0,2016,951.6,1192.64028,1.8688120000000001,1949.6400000000003,1865.136,2337.5749488,3.6628715200000004,3821.2944000000007
80984,MO,41140,"St. Joseph, MO-KS",15-0000,Computer and Mathematical Occupations,580.0,23.5,11.018,70580.0,6.3,63940.0,2016,4446.54,5572.8485820000005,2.58923,136.3,8715.2184,10922.78322072,5.0748908,267.148
81259,MO,41180,"St. Louis, MO-IL",15-0000,Computer and Mathematical Occupations,46000.0,3.3,34.196,82930.0,1.4,80390.0,2016,1161.0199999999998,1455.106366,1.1284679999999998,1518.0,2275.5991999999997,2852.0084773599997,2.2117972799999994,2975.2799999999997
81941,MO,44180,"Springfield, MO",15-0000,Computer and Mathematical Occupations,4430.0,8.6,22.02,56470.0,2.3,54070.0,2016,1298.81,1627.798573,1.8937199999999998,380.98,2545.6675999999998,3190.48520308,3.7116911999999997,746.7208
82389,MS,25060,"Gulfport-Biloxi-Pascagoula, MS",15-0000,Computer and Mathematical Occupations,2410.0,4.2,16.079,67750.0,3.1,64210.0,2016,2100.25,2632.2433250000004,0.6753180000000001,101.22,4116.49,5159.196917,1.32362328,198.3912
82793,MS,25620,"Hattiesburg, MS",15-0000,Computer and Mathematical Occupations,450.0,16.8,7.535,66550.0,4.0,60340.0,2016,2662.0,3336.2846000000004,1.2658800000000001,75.6,5217.5199999999995,6539.117816000001,2.4811248000000004,148.176
83078,MS,27140,"Jackson, MS",15-0000,Computer and Mathematical Occupations,4080.0,7.4,15.546,67510.0,3.9,60470.0,2016,2632.89,3299.801037,1.150404,301.92,5160.4644,6467.6100325200005,2.2547918399999998,591.7632
83549,MT,13740,"Billings, MT",15-0000,Computer and Mathematical Occupations,1230.0,6.9,14.209,62600.0,3.6,58110.0,2016,2253.6,2824.43688,0.9804210000000001,84.87,4417.056,5535.8962848,1.92162516,166.3452
83881,MT,24500,"Great Falls, MT",15-0000,Computer and Mathematical Occupations,630.0,13.8,17.572,49520.0,8.7,44230.0,2016,4308.24,5399.517191999999,2.424936,86.94,8444.150399999999,10583.05369632,4.75287456,170.4024
84108,MT,33540,"Missoula, MT",15-0000,Computer and Mathematical Occupations,1250.0,7.9,21.506,61380.0,7.7,54060.0,2016,4726.26,5923.421658000001,1.698974,98.75,9263.4696,11609.906449680002,3.32998904,193.54999999999998
84405,NC,11700,"Asheville, NC",15-0000,Computer and Mathematical Occupations,1940.0,3.6,10.439,66850.0,4.4,57830.0,2016,2941.4,3686.45662,0.375804,69.84,5765.144,7225.454975199999,0.7365758400000001,136.8864
84833,NC,15500,"Burlington, NC",15-0000,Computer and Mathematical Occupations,630.0,2.6,10.69,74180.0,2.7,70690.0,2016,2002.86,2510.1844380000002,0.27794,16.38,3925.6056,4919.96149848,0.5447624,32.1048
85105,NC,16740,"Charlotte-Concord-Gastonia, NC-SC",15-0000,Computer and Mathematical Occupations,43500.0,4.0,37.471,87210.0,1.3,86100.0,2016,1133.73,1420.9038090000001,1.49884,1740.0,2222.1108,2784.97146564,2.9377264,3410.4
85747,NC,20500,"Durham-Chapel Hill, NC",15-0000,Computer and Mathematical Occupations,17370.0,4.5,59.324,89470.0,1.4,87300.0,2016,1252.58,1569.8585139999998,2.66958,781.65,2455.0568,3076.9226874399997,5.2323768,1532.0339999999999
86238,NC,22180,"Fayetteville, NC",15-0000,Computer and Mathematical Occupations,2350.0,5.2,18.63,74400.0,2.4,72370.0,2016,1785.6,2237.8924800000004,0.9687600000000001,122.2,3499.776,4386.269260800001,1.8987696,239.512
86553,NC,24140,"Goldsboro, NC",15-0000,Computer and Mathematical Occupations,280.0,4.0,6.805,60310.0,2.3,58330.0,2016,1387.13,1738.4900290000003,0.2722,11.2,2718.7748,3407.4404568400005,0.533512,21.951999999999998
86786,NC,24660,"Greensboro-High Point, NC",15-0000,Computer and Mathematical Occupations,6550.0,3.3,18.364,76950.0,2.3,71300.0,2016,1769.85,2218.153005,0.606012,216.15,3468.906,4347.5798898,1.18778352,423.654
87285,NC,24780,"Greenville, NC",15-0000,Computer and Mathematical Occupations,1030.0,22.0,13.933,64010.0,3.3,58980.0,2016,2112.33,2647.383189,3.0652600000000003,226.6,4140.1668,5188.8710504400005,6.0079096000000005,444.13599999999997
87563,NC,25860,"Hickory-Lenoir-Morganton, NC",15-0000,Computer and Mathematical Occupations,1290.0,10.8,8.657,65860.0,4.2,61610.0,2016,2766.12,3466.7781960000007,0.9349560000000001,139.32000000000002,5421.5952,6794.8852641600015,1.83251376,273.0672
87939,NC,27340,"Jacksonville, NC",15-0000,Computer and Mathematical Occupations,450.0,7.3,9.959,63590.0,3.7,63100.0,2016,2352.83,2948.801839,0.727007,32.85,4611.5468,5779.6516044400005,1.4249337199999998,64.386
88144,NC,35100,"New Bern, NC",15-0000,Computer and Mathematical Occupations,550.0,9.4,12.8,70190.0,3.7,69820.0,2016,2597.03,3254.857699,1.2032,51.7,5090.178800000001,6379.52109004,2.358272,101.33200000000001
88416,NC,39580,"Raleigh, NC",15-0000,Computer and Mathematical Occupations,34530.0,4.8,58.004,89210.0,1.5,86410.0,2016,1338.15,1677.103395,2.784192,1657.44,2622.7740000000003,3287.1226542,5.45701632,3248.5824000000002
88956,NC,40580,"Rocky Mount, NC",15-0000,Computer and Mathematical Occupations,380.0,3.8,6.94,65110.0,1.4,62610.0,2016,911.54,1142.4330820000002,0.26372,14.44,1786.6183999999998,2239.1688407200004,0.5168912,28.3024
89222,NC,48900,"Wilmington, NC",15-0000,Computer and Mathematical Occupations,1870.0,3.8,15.168,64870.0,3.6,58940.0,2016,2335.32,2926.856556,0.576384,71.06,4577.2272,5736.63884976,1.12971264,139.2776
89598,NC,49180,"Winston-Salem, NC",15-0000,Computer and Mathematical Occupations,4740.0,3.9,18.323,76970.0,3.2,73300.0,2016,2463.04,3086.9280320000003,0.7145969999999999,184.86,4827.5584,6050.37894272,1.4006101199999998,362.3256
90058,ND,13900,"Bismarck, ND",15-0000,Computer and Mathematical Occupations,1620.0,6.5,21.811,71730.0,5.3,65670.0,2016,3801.69,4764.658077,1.417715,105.3,7451.3124,9338.72983092,2.7787214000000002,206.38799999999998
90407,ND,22020,"Fargo, ND-MN",15-0000,Computer and Mathematical Occupations,4480.0,10.4,32.668,66620.0,2.0,63240.0,2016,1332.4,1669.8969200000001,3.397472,465.92,2611.504,3272.9979632000004,6.65904512,913.2032
90824,ND,24220,"Grand Forks, ND-MN",15-0000,Computer and Mathematical Occupations,540.0,14.4,10.688,64730.0,3.4,61000.0,2016,2200.82,2758.287706,1.5390720000000002,77.76,4313.6072,5406.24390376,3.0165811200000006,152.4096
91065,NE,24260,"Grand Island, NE",15-0000,Computer and Mathematical Occupations,300.0,7.8,7.36,57950.0,4.4,56570.0,2016,2549.8,3195.6643400000007,0.57408,23.4,4997.608,6263.502106400001,1.1251968,45.864
91316,NE,30700,"Lincoln, NE",15-0000,Computer and Mathematical Occupations,5810.0,7.2,33.127,63400.0,1.8,61250.0,2016,1141.2,1430.2659600000002,2.3851440000000004,418.32,2236.752,2803.3212816000005,4.6748822400000005,819.9072
91764,NE,36540,"Omaha-Council Bluffs, NE-IA",15-0000,Computer and Mathematical Occupations,19270.0,3.0,39.866,77360.0,1.0,75680.0,2016,773.6,969.55288,1.19598,578.1,1516.256,1900.3236447999998,2.3441208000000002,1133.076
92585,NH,74950,"Manchester, NH",15-0000,Computer and Mathematical Occupations,3120.0,8.5,28.19,81900.0,1.9,78210.0,2016,1556.1,1950.2601300000001,2.39615,265.2,3049.9559999999997,3822.5098548,4.696454,519.7919999999999
92950,NH,75404,"Nashua, NH-MA NECTA Division",15-0000,Computer and Mathematical Occupations,5210.0,9.5,40.324,94260.0,3.5,88780.0,2016,3299.1,4134.762030000001,3.83078,494.95,6466.236,8104.1335788000015,7.508328799999999,970.102
93330,NH,76900,"Portsmouth, NH-ME",15-0000,Computer and Mathematical Occupations,3250.0,4.8,35.559,93460.0,5.2,83480.0,2016,4859.92,6090.937736000001,1.7068319999999997,156.0,9525.4432,11938.23796256,3.3453907199999993,305.76
93678,NJ,12100,"Atlantic City-Hammonton, NJ",15-0000,Computer and Mathematical Occupations,2090.0,6.3,16.586,89790.0,5.8,86230.0,2016,5207.82,6526.960806,1.0449179999999998,131.67,10207.3272,12792.84317976,2.0480392799999994,258.0732
94050,NJ,15804,"Camden, NJ Metropolitan Division",15-0000,Computer and Mathematical Occupations,9860.0,4.8,19.067,82830.0,1.5,78550.0,2016,1242.45,1557.162585,0.9152159999999999,473.28,2435.202,3052.0386666,1.7938233599999998,927.6288
94614,NJ,35084,"Newark, NJ-PA Metropolitan Division",15-0000,Computer and Mathematical Occupations,44280.0,5.4,38.237,99680.0,1.3,95410.0,2016,1295.84,1624.0762720000002,2.064798,2391.1200000000003,2539.8464,3183.1894931200004,4.04700408,4686.595200000001
95230,NJ,36140,"Ocean City, NJ",15-0000,Computer and Mathematical Occupations,190.0,8.5,5.031,79830.0,5.6,71050.0,2016,4470.48,5602.852584,0.427635,16.15,8762.1408,10981.59106464,0.8381645999999999,31.653999999999996
95463,NJ,45940,"Trenton, NJ",15-0000,Computer and Mathematical Occupations,12540.0,12.7,55.515,96550.0,2.5,93050.0,2016,2413.75,3025.152875,7.050405,1592.58,4730.95,5929.299635,13.818793799999998,3121.4568
96183,NM,10740,"Albuquerque, NM",15-0000,Computer and Mathematical Occupations,8980.0,3.3,23.537,77090.0,4.9,72370.0,2016,3777.41,4734.2279530000005,0.7767209999999999,296.34,7403.723599999999,9279.08678788,1.5223731599999997,580.8263999999999
96690,NM,22140,"Farmington, NM",15-0000,Computer and Mathematical Occupations,260.0,7.1,5.145,63550.0,6.2,59960.0,2016,3940.1,4938.12733,0.3652949999999999,18.46,7722.596,9678.7295668,0.7159781999999998,36.1816
96933,NM,29740,"Las Cruces, NM",15-0000,Computer and Mathematical Occupations,1820.0,16.6,25.892,77180.0,3.2,75580.0,2016,2469.76,3095.350208,4.298072,302.12000000000006,4840.729600000001,6066.886407679999,8.42422112,592.1552000000001
97236,NM,42140,"Santa Fe, NM",15-0000,Computer and Mathematical Occupations,1290.0,4.2,20.952,69980.0,3.9,67640.0,2016,2729.22,3420.531426,0.8799840000000002,54.18,5349.271199999999,6704.24159496,1.7247686400000004,106.19279999999999
97507,NV,16180,"Carson City, NV",15-0000,Computer and Mathematical Occupations,800.0,4.0,28.596,64420.0,3.4,62060.0,2016,2190.28,2745.077924,1.14384,32.0,4292.9488,5380.35273104,2.2419264,62.72
97714,NV,29820,"Las Vegas-Henderson-Paradise, NV",15-0000,Computer and Mathematical Occupations,12810.0,5.2,13.697,77100.0,3.2,72670.0,2016,2467.2,3092.1417600000004,0.712244,666.12,4835.7119999999995,6060.597849600001,1.39599824,1305.5952
98298,NV,39900,"Reno, NV",15-0000,Computer and Mathematical Occupations,3480.0,4.9,16.392,71290.0,3.3,66050.0,2016,2352.57,2948.475981,0.803208,170.52,4611.037200000001,5779.01292276,1.57428768,334.2192
98794,NY,10580,"Albany-Schenectady-Troy, NY",15-0000,Computer and Mathematical Occupations,15510.0,3.9,35.042,75320.0,1.1,73340.0,2016,828.52,1038.3841160000002,1.366638,604.89,1623.8991999999998,2035.2328673600002,2.67861048,1185.5844
99339,NY,13780,"Binghamton, NY",15-0000,Computer and Mathematical Occupations,2250.0,6.5,22.079,83650.0,5.4,76680.0,2016,4517.1,5661.281430000002,1.4351349999999998,146.25,8853.516000000001,11096.111602800003,2.8128645999999997,286.65
99705,NY,15380,"Buffalo-Cheektowaga-Niagara Falls, NY",15-0000,Computer and Mathematical Occupations,12630.0,9.2,23.023,70730.0,1.8,66640.0,2016,1273.14,1595.626362,2.1181159999999997,1161.9599999999998,2495.3544,3127.42766952,4.151507359999999,2277.4415999999997
100289,NY,20524,"Dutchess County-Putnam County, NY Metropolitan Division",15-0000,Computer and Mathematical Occupations,2550.0,33.5,18.315,84280.0,5.1,81130.0,2016,4298.28,5387.034323999999,6.135525,854.25,8424.628799999999,10558.587275039998,12.025629,1674.33
100652,NY,21300,"Elmira, NY",15-0000,Computer and Mathematical Occupations,310.0,13.6,8.556,62940.0,3.2,57520.0,2016,2014.08,2524.2464640000003,1.1636159999999998,42.16,3947.5968,4947.523069440001,2.2806873599999995,82.63359999999999
100856,NY,24020,"Glens Falls, NY",15-0000,Computer and Mathematical Occupations,520.0,8.1,10.186,65990.0,4.9,59780.0,2016,3233.51,4052.5580830000004,0.825066,42.12,6337.6796,7943.01384268,1.6171293599999998,82.5552
101119,NY,27060,"Ithaca, NY",15-0000,Computer and Mathematical Occupations,1720.0,12.6,34.006,82350.0,2.9,78080.0,2016,2388.15,2993.0683950000002,4.284756,216.72,4680.774,5866.4140542000005,8.398121759999999,424.77119999999996
101367,NY,28740,"Kingston, NY",15-0000,Computer and Mathematical Occupations,600.0,11.0,10.166,63600.0,3.4,60090.0,2016,2162.4,2710.13592,1.11826,66.0,4238.304,5311.866403200001,2.1917896,129.35999999999999
101669,NY,35004,"Nassau County-Suffolk County, NY Metropolitan Division",15-0000,Computer and Mathematical Occupations,23850.0,4.1,18.545,86200.0,1.6,79720.0,2016,1379.2,1728.55136,0.7603449999999999,977.8499999999999,2703.232,3387.9606655999996,1.4902761999999998,1916.5859999999998
102325,NY,35614,"New York-Jersey City-White Plains, NY-NJ Metropolitan Division",15-0000,Computer and Mathematical Occupations,218450.0,1.6,33.167,100820.0,0.9,93220.0,2016,907.38,1137.219354,0.530672,3495.2,1778.4648,2228.94993384,1.0401171200000001,6850.592
103078,NY,40380,"Rochester, NY",15-0000,Computer and Mathematical Occupations,17390.0,4.4,33.958,73210.0,2.0,68730.0,2016,1464.2,1835.0818600000002,1.494152,765.16,2869.832,3596.7604456000004,2.9285379199999997,1499.7135999999998
103661,NY,45060,"Syracuse, NY",15-0000,Computer and Mathematical Occupations,6520.0,4.1,21.619,77230.0,2.8,72950.0,2016,2162.44,2710.186052,0.8863789999999999,267.31999999999994,4238.3824,5311.96466192,1.73730284,523.9471999999998
104165,NY,46540,"Utica-Rome, NY",15-0000,Computer and Mathematical Occupations,2250.0,12.3,18.79,75380.0,2.5,70540.0,2016,1884.5,2361.84385,2.3111699999999997,276.75,3693.62,4629.213946000001,4.529893199999999,542.43
104537,NY,48060,"Watertown-Fort Drum, NY",15-0000,Computer and Mathematical Occupations,530.0,12.9,12.747,61520.0,5.2,58480.0,2016,3199.04,4009.3568320000004,1.6443630000000002,68.37,6270.118399999999,7858.339390720001,3.2229514800000003,134.0052
104786,OH,10420,"Akron, OH",15-0000,Computer and Mathematical Occupations,7820.0,11.8,23.891,74720.0,2.7,71490.0,2016,2017.44,2528.4575520000003,2.8191379999999997,922.76,3954.1824,4955.77680192,5.5255104799999994,1808.6096
105300,OH,15940,"Canton-Massillon, OH",15-0000,Computer and Mathematical Occupations,2370.0,19.8,14.24,64970.0,2.4,61370.0,2016,1559.28,1954.2456240000001,2.81952,469.26,3056.1888,3830.3214230400004,5.526259199999999,919.7496
105746,OH,17140,"Cincinnati, OH-KY-IN",15-0000,Computer and Mathematical Occupations,32170.0,4.8,30.859,79620.0,1.1,76870.0,2016,875.82,1097.6652060000001,1.4812319999999999,1544.16,1716.6072000000001,2151.4238037600003,2.90321472,3026.5536
106415,OH,17460,"Cleveland-Elyria, OH",15-0000,Computer and Mathematical Occupations,28390.0,5.8,27.633,73760.0,1.6,71630.0,2016,1180.16,1479.094528,1.602714,1646.62,2313.1136,2899.0252748800003,3.1413194399999997,3227.3752
107059,OH,18140,"Columbus, OH",15-0000,Computer and Mathematical Occupations,43420.0,3.2,42.423,88700.0,2.1,83910.0,2016,1862.7,2334.5219100000004,1.357536,1389.44,3650.892,4575.6629436,2.66077056,2723.3024
107709,OH,19380,"Dayton, OH",15-0000,Computer and Mathematical Occupations,12020.0,4.9,32.413,79200.0,2.5,75870.0,2016,1980.0,2481.534,1.5882370000000001,588.98,3880.7999999999997,4863.80664,3.11294452,1154.4008000000001
108229,OH,30620,"Lima, OH",15-0000,Computer and Mathematical Occupations,380.0,16.6,7.808,61520.0,3.9,56820.0,2016,2399.28,3007.017624,1.2961280000000002,63.08000000000001,4702.5888,5893.75454304,2.5404108800000005,123.63680000000002
108478,OH,31900,"Mansfield, OH",15-0000,Computer and Mathematical Occupations,410.0,7.8,8.014,57070.0,3.5,55470.0,2016,1997.45,2503.404085,0.625092,31.98,3915.002,4906.6720066,1.22518032,62.6808
108732,OH,44220,"Springfield, OH",15-0000,Computer and Mathematical Occupations,510.0,32.2,10.683,71530.0,5.3,67880.0,2016,3791.09,4751.373097000001,3.4399260000000003,164.22,7430.5364,9312.691270120002,6.74225496,321.8712
108992,OH,45780,"Toledo, OH",15-0000,Computer and Mathematical Occupations,3630.0,4.9,12.071,66460.0,2.8,61440.0,2016,1860.88,2332.2409040000002,0.591479,177.87,3647.3248000000003,4571.192171840001,1.15929884,348.6252
109494,OH,49660,"Youngstown-Warren-Boardman, OH-PA",15-0000,Computer and Mathematical Occupations,1830.0,14.2,8.459,62030.0,2.6,58410.0,2016,1612.78,2021.2971740000003,1.2011779999999999,259.86,3161.0488,3961.7424610400003,2.3543088799999996,509.3256
109933,OK,30020,"Lawton, OK",15-0000,Computer and Mathematical Occupations,830.0,9.7,19.052,66390.0,3.8,64220.0,2016,2522.82,3161.850306,1.8480439999999998,80.50999999999999,4944.7272,6197.22659976,3.6221662399999994,157.79959999999997
110209,OK,36420,"Oklahoma City, OK",15-0000,Computer and Mathematical Occupations,15190.0,3.4,25.015,68730.0,2.0,64120.0,2016,1374.6,1722.78618,0.85051,516.46,2694.216,3376.6609128,1.6669996,1012.2616
110836,OK,46140,"Tulsa, OK",15-0000,Computer and Mathematical Occupations,8440.0,5.7,19.491,72510.0,2.1,67670.0,2016,1522.71,1908.4124430000002,1.1109870000000002,481.08,2984.5116,3740.4883882800004,2.1775345200000005,942.9168
111372,OR,10540,"Albany, OR",15-0000,Computer and Mathematical Occupations,290.0,8.0,6.88,60690.0,3.2,59400.0,2016,1942.08,2434.0088640000004,0.5504,23.2,3806.4768,4770.657373440001,1.078784,45.472
111636,OR,13460,"Bend-Redmond, OR",15-0000,Computer and Mathematical Occupations,1270.0,6.9,16.933,62380.0,2.7,57750.0,2016,1684.26,2110.883058,1.168377,87.63,3301.1495999999997,4137.330793679999,2.29001892,171.7548
111969,OR,18700,"Corvallis, OR",15-0000,Computer and Mathematical Occupations,1510.0,8.3,45.79,78060.0,3.8,73910.0,2016,2966.28,3717.6387240000004,3.80057,125.33000000000001,5813.9088,7286.571899040001,7.4491172,245.6468
112192,OR,21660,"Eugene, OR",15-0000,Computer and Mathematical Occupations,2650.0,4.6,18.206,68110.0,2.8,63980.0,2016,1907.08,2390.1433640000005,0.8374759999999999,121.89999999999998,3737.8768,4684.680993440001,1.6414529599999998,238.92399999999995
112600,OR,24420,"Grants Pass, OR",15-0000,Computer and Mathematical Occupations,330.0,35.2,13.536,76340.0,9.2,72490.0,2016,7023.28,8802.276824,4.764672000000001,116.16000000000003,13765.628799999999,17252.46257504,9.338757120000002,227.67360000000005
112786,OR,32780,"Medford, OR",15-0000,Computer and Mathematical Occupations,1120.0,5.1,13.647,63920.0,5.6,57270.0,2016,3579.52,4486.212416,0.695997,57.12,7015.8592,8792.976335360001,1.36415412,111.95519999999999
113161,OR,38900,"Portland-Vancouver-Hillsboro, OR-WA",15-0000,Computer and Mathematical Occupations,43130.0,6.1,38.059,85810.0,2.7,82500.0,2016,2316.8700000000003,2903.7331710000003,2.3215989999999995,2630.93,4541.065200000001,5691.317015160001,4.550334039999999,5156.622799999999
113855,OR,41420,"Salem, OR",15-0000,Computer and Mathematical Occupations,3130.0,3.8,19.504,70350.0,2.2,70810.0,2016,1547.7,1939.73241,0.741152,118.94,3033.492,3801.8755236,1.45265792,233.1224
114290,PA,10900,"Allentown-Bethlehem-Easton, PA-NJ",15-0000,Computer and Mathematical Occupations,6850.0,9.6,19.309,80680.0,2.7,73820.0,2016,2178.36,2730.1385880000003,1.853664,657.6,4269.5856,5351.0716324800005,3.63318144,1288.896
114811,PA,11020,"Altoona, PA",15-0000,Computer and Mathematical Occupations,650.0,5.8,11.213,55070.0,4.4,49210.0,2016,2423.0800000000004,3036.8461640000005,0.650354,37.7,4749.236800000001,5952.218481440001,1.2746938399999999,73.89200000000001
115067,PA,14100,"Bloomsburg-Berwick, PA",15-0000,Computer and Mathematical Occupations,1450.0,48.9,34.358,87630.0,5.5,84410.0,2016,4819.65,6040.467345,16.801061999999998,709.05,9446.514,11839.315996199999,32.930081519999995,1389.7379999999998
115271,PA,16540,"Chambersburg-Waynesboro, PA",15-0000,Computer and Mathematical Occupations,900.0,9.1,15.608,78970.0,3.4,76620.0,2016,2684.98,3365.085434,1.420328,81.9,5262.5608,6595.56745064,2.78384288,160.524
115519,PA,20700,"East Stroudsburg, PA",15-0000,Computer and Mathematical Occupations,610.0,25.9,11.24,57860.0,3.9,52580.0,2016,2256.54,2828.121582,2.9111599999999997,157.99,4422.8184,5543.118300720001,5.705873599999999,309.66040000000004
115769,PA,21500,"Erie, PA",15-0000,Computer and Mathematical Occupations,1490.0,3.6,11.812,66670.0,4.8,62410.0,2016,3200.16,4010.7605280000002,0.42523199999999994,53.64,6272.3135999999995,7861.09063488,0.8334547199999999,105.1344
116130,PA,23900,"Gettysburg, PA",15-0000,Computer and Mathematical Occupations,290.0,5.3,8.9,77360.0,10.4,64070.0,2016,8045.44,10083.349952,0.4717,15.37,15769.062399999999,19763.36590592,0.924532,30.1252
116358,PA,25420,"Harrisburg-Carlisle, PA",15-0000,Computer and Mathematical Occupations,12390.0,4.2,38.813,74720.0,1.4,72500.0,2016,1046.08,1311.052064,1.6301460000000003,520.38,2050.3167999999996,2569.66204544,3.1950861600000007,1019.9448
116851,PA,27780,"Johnstown, PA",15-0000,Computer and Mathematical Occupations,760.0,7.0,14.166,59760.0,4.9,56820.0,2016,2928.24,3669.963192,0.9916200000000001,53.2,5739.350399999999,7193.12785632,1.9435752000000002,104.272
117133,PA,29540,"Lancaster, PA",15-0000,Computer and Mathematical Occupations,3690.0,12.9,15.752,69720.0,1.7,66810.0,2016,1185.24,1485.461292,2.0320080000000003,476.01,2323.0704,2911.50413232,3.9827356800000002,932.9796
117579,PA,30140,"Lebanon, PA",15-0000,Computer and Mathematical Occupations,380.0,24.8,7.72,66630.0,3.7,63080.0,2016,2465.31,3089.773023,1.9145599999999998,94.24,4832.0076,6055.9551250800005,3.7525375999999997,184.7104
117845,PA,33874,"Montgomery County-Bucks County-Chester County, PA Metropolitan Division",15-0000,Computer and Mathematical Occupations,45200.0,3.2,44.185,90740.0,1.4,86940.0,2016,1270.36,1592.142188,1.4139200000000003,1446.4,2489.9055999999996,3120.59868848,2.7712832000000005,2834.944
118486,PA,37964,"Philadelphia, PA Metropolitan Division",15-0000,Computer and Mathematical Occupations,25010.0,6.7,28.081,85650.0,1.3,81590.0,2016,1113.45,1395.4868850000003,1.881427,1675.67,2182.362,2735.1542946000004,3.68759692,3284.3132
119115,PA,38300,"Pittsburgh, PA",15-0000,Computer and Mathematical Occupations,35550.0,8.7,31.354,76770.0,1.4,72810.0,2016,1074.78,1347.021774,2.7277979999999995,3092.85,2106.5688,2640.16267704,5.346484079999999,6061.986
119778,PA,39740,"Reading, PA",15-0000,Computer and Mathematical Occupations,2350.0,6.7,13.645,73250.0,1.9,69640.0,2016,1391.75,1744.2802750000003,0.914215,157.45,2727.83,3418.7893390000004,1.7918614,308.602
120216,PA,42540,"Scranton--Wilkes-Barre--Hazleton, PA",15-0000,Computer and Mathematical Occupations,4310.0,5.2,16.787,61430.0,5.2,58160.0,2016,3194.36,4003.4913880000004,0.872924,224.12,6260.9456,7846.843120480001,1.71093104,439.2752
120683,PA,44300,"State College, PA",15-0000,Computer and Mathematical Occupations,2580.0,3.1,37.768,75300.0,5.1,70110.0,2016,3840.3,4813.047990000001,1.170808,79.98,7526.988,9433.574060400002,2.29478368,156.76080000000002
120942,PA,48700,"Williamsport, PA",15-0000,Computer and Mathematical Occupations,440.0,6.6,8.545,58110.0,2.6,56640.0,2016,1510.86,1893.5608380000003,0.56397,29.04,2961.2855999999997,3711.3792424800004,1.1053811999999998,56.9184
121204,PA,49620,"York-Hanover, PA",15-0000,Computer and Mathematical Occupations,2310.0,10.3,12.858,73940.0,2.6,73170.0,2016,1922.44,2409.394052,1.3243740000000002,237.93,3767.9824,4722.4123419200005,2.59577304,466.3428
121608,PR,10380,"Aguadilla-Isabela, PR",15-0000,Computer and Mathematical Occupations,590.0,1.9,13.456,40490.0,2.5,38020.0,2016,1012.25,1268.652925,0.255664,11.21,1984.01,2486.559733,0.50110144,21.971600000000002
121785,PR,11640,"Arecibo, PR",15-0000,Computer and Mathematical Occupations,210.0,29.0,7.606,28800.0,7.9,23700.0,2016,2275.2,2851.50816,2.20574,60.9,4459.392,5588.9559936,4.3232504,119.36399999999999
121932,PR,25020,"Guayama, PR",15-0000,Computer and Mathematical Occupations,40.0,2.8,3.673,43350.0,4.8,40600.0,2016,2080.8,2607.86664,0.10284399999999999,1.12,4078.3680000000004,5111.4186144000005,0.20157424,2.1952000000000003
122022,PR,32420,"Mayagez, PR",15-0000,Computer and Mathematical Occupations,220.0,5.1,7.503,30960.0,3.5,27960.0,2016,1083.6,1358.07588,0.38265299999999997,11.22,2123.8559999999998,2661.8287248,0.74999988,21.9912
122415,PR,41900,"San German, PR",15-0000,Computer and Mathematical Occupations,80.0,12.2,4.169,29150.0,11.6,20170.0,2016,3381.4,4237.90862,0.5086179999999999,9.76,6627.544,8306.3008952,0.9968912799999998,19.1296
122567,PR,41980,"San Juan-Carolina-Caguas, PR",15-0000,Computer and Mathematical Occupations,8650.0,2.3,12.878,45020.0,1.3,40260.0,2016,585.26,733.5063580000001,0.296194,198.95,1147.1096,1437.6724616800002,0.58054024,389.94199999999995
123127,RI,77200,"Providence-Warwick, RI-MA",15-0000,Computer and Mathematical Occupations,15170.0,3.9,26.833,85280.0,1.5,84360.0,2016,1279.2,1603.22136,1.046487,591.63,2507.232,3142.3138656,2.05111452,1159.5948
123735,SC,16700,"Charleston-North Charleston, SC",15-0000,Computer and Mathematical Occupations,9990.0,3.8,30.488,75920.0,1.9,73280.0,2016,1442.48,1807.8601840000001,1.158544,379.62,2827.2608,3543.40596064,2.27074624,744.0552
124219,SC,17900,"Columbia, SC",15-0000,Computer and Mathematical Occupations,10830.0,3.5,28.971,68990.0,2.6,64920.0,2016,1793.74,2248.0943420000003,1.013985,379.05,3515.7304,4406.26491032,1.9874105999999998,742.938
124722,SC,22500,"Florence, SC",15-0000,Computer and Mathematical Occupations,1100.0,6.1,13.118,63560.0,3.5,56930.0,2016,2224.6,2788.0911800000003,0.8001980000000001,67.1,4360.215999999999,5464.658712800001,1.56838808,131.516
125061,SC,24860,"Greenville-Anderson-Mauldin, SC",15-0000,Computer and Mathematical Occupations,7100.0,4.7,17.929,72620.0,4.4,62900.0,2016,3195.28,4004.644424,0.842663,333.7,6262.7488,7849.10307104,1.6516194800000001,654.052
125548,SC,25940,"Hilton Head Island-Bluffton-Beaufort, SC",15-0000,Computer and Mathematical Occupations,670.0,11.4,9.296,94100.0,13.6,66970.0,2016,12797.6,16039.232080000002,1.059744,76.38,25083.296,31436.8948768,2.07709824,149.70479999999998
125817,SC,34820,"Myrtle Beach-Conway-North Myrtle Beach, SC-NC",15-0000,Computer and Mathematical Occupations,1250.0,11.7,8.187,62320.0,6.7,54570.0,2016,4175.44,5233.078952,0.9578789999999999,146.25,8183.862399999999,10256.83474592,1.8774428399999998,286.65
126181,SC,43900,"Spartanburg, SC",15-0000,Computer and Mathematical Occupations,1720.0,9.0,12.074,63300.0,3.8,57780.0,2016,2405.4,3014.68782,1.08666,154.8,4714.584,5908.7881272,2.1298535999999997,303.408
126536,SC,44940,"Sumter, SC",15-0000,Computer and Mathematical Occupations,430.0,16.2,12.04,66280.0,4.5,60650.0,2016,2982.6,3738.0925800000005,1.9504799999999998,69.66,5845.896,7326.6614568,3.8229407999999996,136.53359999999998
126717,SD,39660,"Rapid City, SD",15-0000,Computer and Mathematical Occupations,940.0,5.0,14.339,62450.0,3.0,60150.0,2016,1873.5,2348.05755,0.7169500000000001,47.0,3672.06,4602.192798,1.4052220000000002,92.12
127038,SD,43620,"Sioux Falls, SD",15-0000,Computer and Mathematical Occupations,4430.0,1.9,29.688,66140.0,1.5,61090.0,2016,992.1,1243.39893,0.5640719999999999,84.17,1944.516,2437.0619028,1.1055811199999999,164.9732
127455,TN,16860,"Chattanooga, TN-GA",15-0000,Computer and Mathematical Occupations,4520.0,7.0,19.033,74390.0,2.1,73440.0,2016,1562.19,1957.892727,1.3323099999999999,316.4,3061.8924,3837.46974492,2.6113275999999996,620.1439999999999
127907,TN,17300,"Clarksville, TN-KY",15-0000,Computer and Mathematical Occupations,920.0,5.9,10.88,66200.0,3.7,66710.0,2016,2449.4,3069.83302,0.64192,54.28,4800.8240000000005,6016.8727192,1.2581632,106.3888
128200,TN,17420,"Cleveland, TN",15-0000,Computer and Mathematical Occupations,250.0,13.4,5.385,58580.0,5.6,51520.0,2016,3280.48,4111.4255840000005,0.7215900000000001,33.5,6429.7408,8058.394144640001,1.4143164000000001,65.66
128412,TN,27180,"Jackson, TN",15-0000,Computer and Mathematical Occupations,440.0,14.8,6.871,58060.0,4.2,54670.0,2016,2438.52,3056.1971160000003,1.0169080000000001,65.12,4779.4992,5990.146347360001,1.9931396800000003,127.63520000000001
128699,TN,27740,"Johnson City, TN",15-0000,Computer and Mathematical Occupations,1110.0,14.9,14.203,66760.0,3.9,62690.0,2016,2603.64,3263.1420120000002,2.116247,165.39,5103.1344,6395.75834352,4.14784412,324.16439999999994
129014,TN,28700,"Kingsport-Bristol-Bristol, TN-VA",15-0000,Computer and Mathematical Occupations,1370.0,5.1,11.537,70520.0,6.4,66310.0,2016,4513.28,5656.493824,0.588387,69.86999999999999,8846.0288,11086.72789504,1.15323852,136.94519999999997
129410,TN,28940,"Knoxville, TN",15-0000,Computer and Mathematical Occupations,7390.0,4.9,19.327,69400.0,1.7,64850.0,2016,1179.8,1478.64334,0.9470230000000002,362.11,2312.408,2898.1409464000003,1.8561650800000002,709.7356
129992,TN,32820,"Memphis, TN-MS-AR",15-0000,Computer and Mathematical Occupations,9540.0,4.4,15.287,69830.0,2.0,66420.0,2016,1396.6,1750.35878,0.6726280000000001,419.76,2737.336,3430.7032088,1.3183508800000001,822.7296
130556,TN,34100,"Morristown, TN",15-0000,Computer and Mathematical Occupations,400.0,30.1,9.378,57000.0,4.0,53030.0,2016,2280.0,2857.5240000000003,2.822778,120.4,4468.8,5600.74704,5.53264488,235.984
130808,TN,34980,"Nashville-Davidson--Murfreesboro--Franklin, TN",15-0000,Computer and Mathematical Occupations,23290.0,3.3,25.531,75440.0,1.5,71200.0,2016,1131.6,1418.2342800000001,0.8425229999999999,768.57,2217.9359999999997,2779.7391888,1.6513450799999998,1506.3972
131421,TX,10180,"Abilene, TX",15-0000,Computer and Mathematical Occupations,920.0,30.0,14.402,69350.0,4.6,61420.0,2016,3190.1,3998.15233,4.3206,276.0,6252.596,7836.3785668,8.468376,540.96
131733,TX,11100,"Amarillo, TX",15-0000,Computer and Mathematical Occupations,1530.0,13.0,13.292,69140.0,3.3,66200.0,2016,2281.62,2859.5543460000004,1.72796,198.9,4471.9752,5604.7265181600005,3.3868015999999996,389.844
132132,TX,12420,"Austin-Round Rock, TX",15-0000,Computer and Mathematical Occupations,58880.0,4.3,61.014,87000.0,1.4,83470.0,2016,1217.9999999999998,1526.5194000000001,2.623602,2531.84,2387.2799999999993,2991.978024,5.14225992,4962.4064
132746,TX,13140,"Beaumont-Port Arthur, TX",15-0000,Computer and Mathematical Occupations,1380.0,10.3,8.522,66020.0,3.0,58150.0,2016,1980.6,2482.28598,0.877766,142.14000000000001,3881.9759999999997,4865.2805208,1.72042136,278.5944
133148,TX,15180,"Brownsville-Harlingen, TX",15-0000,Computer and Mathematical Occupations,700.0,9.0,5.107,60320.0,4.0,55680.0,2016,2412.8,3023.9622400000003,0.45963,63.0,4729.088000000001,5926.965990400001,0.9008748,123.48
133474,TX,17780,"College Station-Bryan, TX",15-0000,Computer and Mathematical Occupations,2350.0,8.3,21.99,63030.0,4.1,57410.0,2016,2584.2299999999996,3238.8154589999995,1.82517,195.05,5065.090799999999,6348.0782996399985,3.5773332,382.298
133839,TX,18580,"Corpus Christi, TX",15-0000,Computer and Mathematical Occupations,1500.0,11.7,8.093,69390.0,3.4,61150.0,2016,2359.26,2956.8605580000003,0.9468809999999999,175.5,4624.149600000001,5795.446693680001,1.8558867599999997,343.98
134290,TX,19124,"Dallas-Plano-Irving, TX Metropolitan Division",15-0000,Computer and Mathematical Occupations,117520.0,2.4,48.364,90690.0,0.9,88000.0,2016,816.21,1022.955993,1.1607359999999998,2820.48,1599.7716,2004.99374628,2.2750425599999997,5528.1408
134979,TX,21340,"El Paso, TX",15-0000,Computer and Mathematical Occupations,4320.0,6.0,14.509,61840.0,2.8,56290.0,2016,1731.52,2170.114016,0.87054,259.2,3393.7792,4253.42347136,1.7062583999999998,508.032
135461,TX,23104,"Fort Worth-Arlington, TX Metropolitan Division",15-0000,Computer and Mathematical Occupations,22220.0,4.5,22.658,87000.0,4.2,83930.0,2016,3654.0,4579.5582,1.0196100000000001,999.9,7161.84,8975.934072,1.9984356000000003,1959.8039999999999
136094,TX,26420,"Houston-The Woodlands-Sugar Land, TX",15-0000,Computer and Mathematical Occupations,80780.0,2.4,27.522,90970.0,1.0,87050.0,2016,909.7,1140.12701,0.6605279999999999,1938.72,1783.012,2234.6489395999997,1.2946348799999998,3799.8912
136814,TX,28660,"Killeen-Temple, TX",15-0000,Computer and Mathematical Occupations,2160.0,10.1,15.782,69130.0,3.1,67400.0,2016,2143.03,2685.859499,1.593982,218.16,4200.3388,5264.28461804,3.12420472,427.5936
137178,TX,29700,"Laredo, TX",15-0000,Computer and Mathematical Occupations,700.0,10.2,7.146,59010.0,4.4,55280.0,2016,2596.4400000000005,3254.1182520000007,0.7288919999999999,71.39999999999999,5089.022400000001,6378.071773920001,1.4286283199999996,139.944
137427,TX,30980,"Longview, TX",15-0000,Computer and Mathematical Occupations,730.0,10.2,7.674,67300.0,3.9,59790.0,2016,2624.7,3289.53651,0.782748,74.46,5144.411999999999,6447.4915596,1.53418608,145.9416
137773,TX,31180,"Lubbock, TX",15-0000,Computer and Mathematical Occupations,2320.0,4.0,16.538,58380.0,4.9,52590.0,2016,2860.62,3585.2150460000003,0.66152,92.8,5606.8152,7027.02149016,1.2965792,181.888
138166,TX,32580,"McAllen-Edinburg-Mission, TX",15-0000,Computer and Mathematical Occupations,1810.0,8.1,7.244,50840.0,3.2,46810.0,2016,1626.88,2038.9687040000001,0.586764,146.61,3188.6848,3996.37865984,1.1500574399999999,287.35560000000004
138573,TX,33260,"Midland, TX",15-0000,Computer and Mathematical Occupations,840.0,13.8,9.693,75900.0,3.2,72030.0,2016,2428.8,3044.01504,1.337634,115.92,4760.448,5966.2694784000005,2.62176264,227.2032
138868,TX,36220,"Odessa, TX",15-0000,Computer and Mathematical Occupations,410.0,13.4,5.994,65620.0,4.2,59600.0,2016,2756.04,3454.144932,0.8031959999999999,54.94,5401.8384,6770.12406672,1.5742641599999998,107.68239999999999
139120,TX,41660,"San Angelo, TX",15-0000,Computer and Mathematical Occupations,490.0,9.3,10.53,62840.0,3.2,59710.0,2016,2010.88,2520.235904,0.97929,45.57,3941.3248000000003,4939.662371840001,1.9194084,89.3172
139397,TX,41700,"San Antonio-New Braunfels, TX",15-0000,Computer and Mathematical Occupations,28580.0,4.9,29.239,85760.0,3.1,78380.0,2016,2658.56,3331.9732480000002,1.4327110000000003,1400.42,5210.777599999999,6530.66756608,2.8081135600000007,2744.8232000000003
139994,TX,43300,"Sherman-Denison, TX",15-0000,Computer and Mathematical Occupations,290.0,9.0,6.638,70430.0,8.4,61140.0,2016,5916.12,7414.673196000001,0.59742,26.1,11595.5952,14532.75946416,1.1709432,51.156
140229,TX,45500,"Texarkana, TX-AR",15-0000,Computer and Mathematical Occupations,360.0,6.8,6.523,58580.0,4.4,54230.0,2016,2577.5200000000004,3230.4058160000004,0.44356399999999996,24.48,5051.939200000001,6331.595399360001,0.86938544,47.9808
140489,TX,46340,"Tyler, TX",15-0000,Computer and Mathematical Occupations,1250.0,9.3,12.594,64890.0,3.3,59480.0,2016,2141.37,2683.7790210000003,1.1712420000000001,116.25,4197.0851999999995,5260.20688116,2.29563432,227.85
140816,TX,47020,"Victoria, TX",15-0000,Computer and Mathematical Occupations,240.0,9.9,5.807,62630.0,8.2,54000.0,2016,5135.66,6436.522677999999,0.5748930000000001,23.76,10065.8936,12615.58444888,1.1267902800000003,46.5696
141041,TX,47380,"Waco, TX",15-0000,Computer and Mathematical Occupations,1830.0,28.3,16.157,68380.0,2.6,63740.0,2016,1777.88,2228.217004,4.572431,517.89,3484.6448,4367.30532784,8.961964759999999,1015.0644
141393,TX,48660,"Wichita Falls, TX",15-0000,Computer and Mathematical Occupations,780.0,40.1,13.839,78170.0,7.4,74250.0,2016,5784.58,7249.814114000001,5.549439,312.78,11337.7768,14209.635663440002,10.876900439999998,613.0487999999999
141660,UT,30860,"Logan, UT-ID",15-0000,Computer and Mathematical Occupations,1280.0,9.3,23.828,60540.0,2.7,55810.0,2016,1634.58,2048.619114,2.216004,119.04,3203.7767999999996,4015.29346344,4.34336784,233.3184
141943,UT,36260,"Ogden-Clearfield, UT",15-0000,Computer and Mathematical Occupations,5370.0,7.0,22.087,76110.0,2.2,74290.0,2016,1674.42,2098.5505860000003,1.5460900000000002,375.9,3281.8632000000002,4113.15914856,3.0303364000000004,736.7639999999999
142407,UT,39340,"Provo-Orem, UT",15-0000,Computer and Mathematical Occupations,9890.0,5.1,45.027,75690.0,2.8,70970.0,2016,2119.32,2656.1437560000004,2.296377,504.39,4153.867200000001,5206.041761760001,4.50089892,988.6043999999999
142834,UT,41100,"St. George, UT",15-0000,Computer and Mathematical Occupations,680.0,12.5,11.282,58160.0,7.1,50600.0,2016,4129.36,5175.3268880000005,1.41025,85.0,8093.5455999999995,10143.64070048,2.76409,166.6
143131,UT,41620,"Salt Lake City, UT",15-0000,Computer and Mathematical Occupations,26450.0,3.4,38.925,79520.0,1.9,75810.0,2016,1510.88,1893.5859040000003,1.32345,899.3,2961.3248000000003,3711.4283718400006,2.593962,1762.628
143721,VA,13980,"Blacksburg-Christiansburg-Radford, VA",15-0000,Computer and Mathematical Occupations,1460.0,16.4,21.1,70050.0,4.0,62790.0,2016,2802.0,3511.7466000000004,3.4604000000000004,239.43999999999997,5491.92,6883.023336000001,6.782384,469.3023999999999
144023,VA,16820,"Charlottesville, VA",15-0000,Computer and Mathematical Occupations,3830.0,7.4,35.395,85760.0,3.1,81360.0,2016,2658.56,3331.9732480000002,2.6192300000000004,283.42,5210.777599999999,6530.66756608,5.133690800000001,555.5032
144391,VA,25500,"Harrisonburg, VA",15-0000,Computer and Mathematical Occupations,1000.0,29.4,16.223,61710.0,5.5,54580.0,2016,3394.05,4253.762865000001,4.769562,294.0,6652.338000000001,8337.375215400001,9.34834152,576.24
144686,VA,31340,"Lynchburg, VA",15-0000,Computer and Mathematical Occupations,1970.0,18.2,19.977,77980.0,2.7,73050.0,2016,2105.46,2638.7730180000003,3.635814,358.54,4126.7016,5171.99511528,7.12619544,702.7384000000001
145067,VA,40060,"Richmond, VA",15-0000,Computer and Mathematical Occupations,22770.0,3.9,35.638,86820.0,1.9,86190.0,2016,1649.58,2067.418614,1.3898819999999998,888.03,3233.1767999999997,4052.14048344,2.7241687199999998,1740.5387999999998
145670,VA,40220,"Roanoke, VA",15-0000,Computer and Mathematical Occupations,2930.0,7.8,19.112,72540.0,3.3,65380.0,2016,2393.82,3000.174606,1.4907359999999996,228.54,4691.8872,5880.34222776,2.921842559999999,447.9384
146081,VA,44420,"Staunton-Waynesboro, VA",15-0000,Computer and Mathematical Occupations,960.0,39.8,20.156,77800.0,4.5,72520.0,2016,3501.0,4387.8033000000005,8.022087999999998,382.08,6861.96,8600.094468000001,15.723292479999996,748.8768
146372,VA,47260,"Virginia Beach-Norfolk-Newport News, VA-NC",15-0000,Computer and Mathematical Occupations,22180.0,3.8,30.036,82630.0,1.8,77330.0,2016,1487.34,1864.0832220000002,1.141368,842.84,2915.1863999999996,3653.6031151200004,2.23708128,1651.9664
146977,VA,49020,"Winchester, VA-WV",15-0000,Computer and Mathematical Occupations,760.0,5.4,13.349,80680.0,4.9,75440.0,2016,3953.32,4954.6959560000005,0.7208460000000001,41.04,7748.5072,9711.20407376,1.41285816,80.4384
147270,VT,72400,"Burlington-South Burlington, VT",15-0000,Computer and Mathematical Occupations,4580.0,5.1,37.183,78340.0,2.3,73480.0,2016,1801.82,2258.221006,1.8963329999999998,233.58,3531.5672,4426.11317176,3.7168126799999994,457.8168
147680,WA,13380,"Bellingham, WA",15-0000,Computer and Mathematical Occupations,1310.0,15.1,15.957,71130.0,2.8,65330.0,2016,1991.64,2496.122412,2.409507,197.81,3903.6144,4892.39992752,4.72263372,387.7076
148013,WA,14740,"Bremerton-Silverdale, WA",15-0000,Computer and Mathematical Occupations,1560.0,4.2,18.657,81360.0,2.3,79580.0,2016,1871.28,2345.275224,0.7835940000000001,65.52,3667.7088,4596.7394390399995,1.5358442400000003,128.4192
148310,WA,28420,"Kennewick-Richland, WA",15-0000,Computer and Mathematical Occupations,1920.0,5.4,17.937,86530.0,3.0,83310.0,2016,2595.9,3253.4414699999998,0.9685980000000001,103.68,5087.964,6376.745281199999,1.8984520800000002,203.21280000000002
148659,WA,31020,"Longview, WA",15-0000,Computer and Mathematical Occupations,300.0,9.2,8.428,70730.0,4.8,67480.0,2016,3395.04,4255.003632,0.775376,27.6,6654.2784,8339.80711872,1.51973696,54.096000000000004
148871,WA,34580,"Mount Vernon-Anacortes, WA",15-0000,Computer and Mathematical Occupations,520.0,10.4,11.721,72120.0,3.0,69100.0,2016,2163.6,2711.63988,1.218984,54.08,4240.656,5314.8141648,2.38920864,105.9968
149144,WA,36500,"Olympia-Tumwater, WA",15-0000,Computer and Mathematical Occupations,4950.0,5.3,47.944,75200.0,2.4,74480.0,2016,1804.8,2261.95584,2.541032,262.35,3537.408,4433.4334464,4.98042272,514.206
149500,WA,42644,"Seattle-Bellevue-Everett, WA Metropolitan Division",15-0000,Computer and Mathematical Occupations,121370.0,5.1,76.403,110790.0,5.8,109790.0,2016,6425.82,8053.480206,3.896553,6189.87,12594.607199999999,15784.82120376,7.63724388,12132.145199999999
150205,WA,44060,"Spokane-Spokane Valley, WA",15-0000,Computer and Mathematical Occupations,4200.0,4.9,18.586,70970.0,2.1,67180.0,2016,1490.37,1867.8807210000002,0.910714,205.8,2921.1252,3661.04621316,1.78499944,403.368
150700,WA,45104,"Tacoma-Lakewood, WA Metropolitan Division",15-0000,Computer and Mathematical Occupations,4270.0,9.7,14.957,79440.0,2.1,74500.0,2016,1668.24,2090.8051920000003,1.450829,414.19,3269.7504,4097.978176320001,2.84362484,811.8124
151169,WA,47460,"Walla Walla, WA",15-0000,Computer and Mathematical Occupations,240.0,9.7,9.719,70670.0,5.7,70640.0,2016,4028.19,5048.530527000001,0.9427429999999998,23.28,7895.2524,9895.119832920001,1.8477762799999995,45.6288
151341,WA,48300,"Wenatchee, WA",15-0000,Computer and Mathematical Occupations,430.0,22.6,10.07,71150.0,4.5,66370.0,2016,3201.75,4012.753275,2.2758200000000004,97.18,6275.43,7864.996419,4.460607200000001,190.4728
151581,WA,49420,"Yakima, WA",15-0000,Computer and Mathematical Occupations,750.0,15.6,8.848,67190.0,2.8,61100.0,2016,1881.32,2357.858356,1.3802880000000002,117.0,3687.3871999999997,4621.4023777600005,2.7053644800000005,229.32
151918,WI,11540,"Appleton, WI",15-0000,Computer and Mathematical Occupations,2680.0,5.1,21.848,68520.0,2.5,66110.0,2016,1713.0,2146.9029,1.114248,136.67999999999998,3357.48,4207.929684,2.18392608,267.89279999999997
152299,WI,20740,"Eau Claire, WI",15-0000,Computer and Mathematical Occupations,1370.0,20.8,16.794,59810.0,2.0,56260.0,2016,1196.2,1499.19746,3.4931520000000003,284.96,2344.552,2938.4270216,6.8465779200000005,558.5215999999999
152612,WI,22540,"Fond du Lac, WI",15-0000,Computer and Mathematical Occupations,620.0,15.6,13.713,66750.0,3.4,63680.0,2016,2269.5,2844.36435,2.139228,96.72,4448.22,5574.954126,4.1928868800000005,189.5712
152874,WI,24580,"Green Bay, WI",15-0000,Computer and Mathematical Occupations,4500.0,14.4,26.362,69000.0,1.6,65020.0,2016,1104.0,1383.6432,3.796128,648.0,2163.84,2711.9406719999997,7.44041088,1270.08
153300,WI,27500,"Janesville-Beloit, WI",15-0000,Computer and Mathematical Occupations,1090.0,17.9,16.824,64120.0,3.0,60450.0,2016,1923.6,2410.8478800000003,3.011496,195.11,3770.256,4725.2618448,5.90253216,382.41560000000004
153581,WI,29100,"La Crosse-Onalaska, WI-MN",15-0000,Computer and Mathematical Occupations,1240.0,5.1,17.155,62460.0,2.5,57960.0,2016,1561.5,1957.0279500000001,0.8749049999999999,63.24,3060.54,3835.7747820000004,1.7148138,123.9504
153905,WI,31540,"Madison, WI",15-0000,Computer and Mathematical Occupations,23750.0,24.0,62.185,74850.0,1.6,74340.0,2016,1197.6,1500.95208,14.9244,5700.0,2347.296,2941.8660768,29.251824,11172.0
154467,WI,33340,"Milwaukee-Waukesha-West Allis, WI",15-0000,Computer and Mathematical Occupations,25930.0,3.4,30.838,75110.0,1.1,72840.0,2016,826.21,1035.488993,1.048492,881.62,1619.3716,2029.5584262799998,2.05504432,1727.9752
155076,WI,36780,"Oshkosh-Neenah, WI",15-0000,Computer and Mathematical Occupations,2040.0,17.1,22.203,65250.0,2.7,61520.0,2016,1761.75,2208.001275,3.7967130000000004,348.84,3453.0299999999997,4327.6824990000005,7.441557480000001,683.7263999999999
155405,WI,39540,"Racine, WI",15-0000,Computer and Mathematical Occupations,820.0,11.9,10.982,65690.0,4.0,61790.0,2016,2627.6,3293.17108,1.306858,97.58,5150.096,6454.6153168,2.56144168,191.2568
155690,WI,43100,"Sheboygan, WI",15-0000,Computer and Mathematical Occupations,1090.0,7.6,18.429,75780.0,3.4,72030.0,2016,2576.52,3229.152516,1.400604,82.84,5049.9792,6329.13893136,2.7451838399999997,162.3664
155960,WI,48140,"Wausau, WI",15-0000,Computer and Mathematical Occupations,1570.0,18.4,22.625,69360.0,3.5,66650.0,2016,2427.6,3042.51108,4.162999999999999,288.87999999999994,4758.096,5963.3217168,8.159479999999999,566.2047999999999
156245,WV,13220,"Beckley, WV",15-0000,Computer and Mathematical Occupations,280.0,16.8,6.448,53400.0,4.1,52110.0,2016,2189.3999999999996,2743.97502,1.083264,47.04,4291.223999999999,5378.1910392,2.1231974399999998,92.19839999999999
156471,WV,16620,"Charleston, WV",15-0000,Computer and Mathematical Occupations,2490.0,5.7,21.894,58770.0,4.1,54700.0,2016,2409.5699999999997,3019.914081,1.247958,141.93,4722.757199999999,5919.03159876,2.4459976799999996,278.1828
156841,WV,26580,"Huntington-Ashland, WV-KY-OH",15-0000,Computer and Mathematical Occupations,1000.0,10.2,7.656,56140.0,2.9,50670.0,2016,1628.06,2040.447598,0.7809119999999998,102.0,3190.9975999999997,3999.27729208,1.5305875199999996,199.92
157240,WV,34060,"Morgantown, WV",15-0000,Computer and Mathematical Occupations,1340.0,10.4,20.909,70600.0,3.7,66660.0,2016,2612.2,3273.87026,2.174536,139.36,5119.911999999999,6416.7857096,4.26209056,273.1456
157497,WV,37620,"Parkersburg-Vienna, WV",15-0000,Computer and Mathematical Occupations,560.0,9.6,14.552,75120.0,5.3,77460.0,2016,3981.36,4989.838488,1.396992,53.76,7803.4656,9780.083436480001,2.73810432,105.36959999999999
157687,WV,48260,"Weirton-Steubenville, WV-OH",15-0000,Computer and Mathematical Occupations,190.0,18.8,4.875,71190.0,4.4,63660.0,2016,3132.36,3925.7867880000003,0.9165000000000001,35.72,6139.4256000000005,7694.5421044800005,1.79634,70.0112
157917,WV,48540,"Wheeling, WV-OH",15-0000,Computer and Mathematical Occupations,730.0,15.4,11.638,62420.0,4.2,56010.0,2016,2621.64,3285.7014120000003,1.792252,112.42,5138.4144,6439.974767520001,3.5128139199999997,220.3432
158186,WY,16220,"Casper, WY",15-0000,Computer and Mathematical Occupations,320.0,5.5,7.93,61840.0,3.6,59200.0,2016,2226.24,2790.146592,0.4361499999999999,17.6,4363.430399999999,5468.68732032,0.8548539999999999,34.496
158413,WY,16940,"Cheyenne, WY",15-0000,Computer and Mathematical Occupations,900.0,3.5,19.819,63260.0,3.3,59950.0,2016,2087.58,2616.364014,0.693665,31.5,4091.6567999999997,5128.07346744,1.3595834,61.74
